"codigo"|"descripcion"|"habil"|"rubro"|"seccion"
0|SIN MARCA|S|0|0
1|AEROCOR|S|1|0
2|FAESPO SRL|S|1|0
3|TEKNIPLANT|S|1|0
4|RODRIFLOR|S|1|0
5|VER MARCA|S|1|0
6|RODRIFLOR|S|1|0
7|OTRA PRUEBA|S|1|0
8|OTRA PRUEBA|S|1|0
9|DELTA IMPORTACIONES|S|1|0
10|DUAL POWER|S|1|0
11|NUEVA 11 VET|S|3|0
12|NUEVA 12 COMB|S|4|0
13|NUEVA 13 SERV|S|5|0
14|RODRIFLOR|S|1|0
15|FORNAX|S|2|0
16|MOLDE|S|1|0
17|ALMANDOZ|S|1|0
18|AEI|S|2|0
19|DAVID ANDREA |S|1|0
20|PELUCHES MIMOSO|S|1|0
21|SHADE ONLY SPORT|S|1|0
22|CRUZ SILVA MEDIN GILMER|S|1|0
23|MATTE CRACK|S|1|0
24|INDIKIDS SRL|S|1|0
25|HUDSON|S|1|0
26|CUELLO MAYER MARIEL EUGENIA|S|1|0
27|PASTAFACIL|S|2|0
28|MOLE|S|1|0
29|WOODEN|S|1|0
30|SAINT GOTTARD|S|1|0
31|LA LECHERITA|S|1|0
32|CONAMOR|S|1|0
33|NEPAL OBJETOS SRL|S|1|0
34|EN TU CASA|S|1|0
35|CITISOL SA|S|1|0
36|ARTISTAS CRESPO|S|1|0
37|UNOMOTOR|S|2|0
38|ASER FILTROS|S|2|0
39|MARSHALL GROUP SRL|S|1|0
40|BELLO ABRIL|S|1|0
41|NANCY CURA|S|1|0
42|HIDRO SEERY|S|2|0
43|DISTRIBUIDORA PUNTO COM SAS|S|1|0
44|TELPLAST |S|2|0
45|REOPEN S.A.|S|1|0
46|NATURAL SEED|S|1|0
47|PIRVAR|S|2|0
48|PIERABELLA|S|2|0
49|COMPLOT MG|S|1|0
50|INYSA|S|1|0
51|INCEL|S|2|0
52|KITCHEN WEST|S|2|0
53|METAPLAST|S|2|0
54|BODEGA LAS PERDICES|S|1|0
55|ROMA HERRAJES|S|2|0
56|MISSI SABRINA NOEMI|S|1|0
57|CICCARELLI DECORACION|S|1|0
58|VELILLA MONTERO|S|1|0
59|CASA STELLA MARIS|S|1|0
60|MAZZA MARIA DEL CARMEN|S|1|0
61|MAGH|S|1|0
62|BROOMY|S|1|0
63|BORDIGONI HNOS. SA|S|1|0
64|COLECCION ABRIL|S|1|0
65|ALEVAY|S|1|0
66|TEXTIL PAMPENA|S|1|0
67|FANINEE|S|1|0
68|WUAU|S|1|0
69|LEE JUNG KYUN|S|1|0
70|CONDESA|S|1|0
71|AIRWID|S|1|0
72|DURACELL|S|1|0
73|MARECHIARE|S|1|0
74|CIMARRON|S|1|0
75|CURA TE ALMA|S|1|0
76|PAMPA VIDA S.A.|S|1|0
77|CONDRAC|S|1|0
78|LAS JOAQUINAS|S|1|0
79|MONA|S|1|0
80|ROSARIO IMPORT|S|2|0
81|BODEGA CENTURION|S|1|0
82|COLORES SOLIDOS|S|2|0
83|SPG IMPORT SRL|S|1|0
84|CRUZ SILVA MEDIN GILMER|S|1|0
85|BYF DECO S.A.|S|1|0
86|INTERMOBILI|S|1|0
87|REPACCS|S|2|0
88|MAGNOLIA|S|1|0
89|TAUROC|S|2|0
90|BODEGA BIANCHI|S|1|0
91|PIERABELLA|S|2|0
92|GUIWI SRL|S|1|0
93|CARNES DEL INTERIOR|S|1|0
94|CIMARRON|S|1|0
95|CESSIRA|S|1|0
96|INGRESE DESCRIPCION|S|1|0
97|FRIGORIFICO LA MORENA|S|1|0
98|SENGER CLAUDIO|S|1|0
99|LACTEOS CONOSUR|S|1|0
100|BVS SERVICIOS S.A.|S|2|0
101|PANIF. EL NONO GRINGO|S|1|0
102|ALBOR S.R.L.|S|1|0
103|PAMPA FOOD|S|1|0
104|ALFAJORES ROFAN|S|1|0
105|PANIFICACION FAUTINO MERNES|S|1|0
106|SHAFEMODA SA|S|1|0
107|CHIARA|S|1|0
108|KALCLA|S|1|0
109|LUZ CLARA|S|1|0
110|PANIF. ALEPAM|S|1|0
111|NUESTROS SABORES SNACK|S|1|0
112|SUAGRO SRL|S|1|0
113|CARPINTERIA RIVADAVIA|S|2|0
114|CIA. LUARCA|S|1|0
115|SUPERFIL|S|2|0
116|ARTENTINO|S|1|0
117|BILLIKEN|S|1|0
118|NOGOPAINT|S|2|0
119|MF HNOS SA|S|1|0
120|FLORALEN|S|1|0
121|MAYPER|S|2|0
122|SCURI KARINA ASTRID|S|1|0
123|ELECTRO RBB|S|2|0
124|ALIMENTOS TANDIL S.A.|S|1|0
125|ERGOS CAÑOS|S|2|0
126|RODRIGO SONDON|S|1|0
127|MANI KING|S|1|0
128|GORDILLO JUEGOS|S|1|0
129|DUFFY|S|1|0
130|NOT CO|S|1|0
131|COOP.DE TRABAJO FIDEERA|S|1|0
132|ENTRENUTS|S|1|0
133|MALI|S|1|0
134|PARNASSA SA|S|1|0
135|REGALOS CITY SRL|S|1|0
136|GILERA|S|2|0
137|PRIMITIVO URBANO|S|1|0
138|WAKAS S.A.|S|1|0
139|BODEGAS VARIAS|S|1|0
140|PRIMITIVO URBANO|S|1|0
141|LA CUMBRE|S|1|0
142|ENTRE PERRO Y LOBO|S|1|0
143|FRACCIONADORA SAN JUAN|S|1|0
144|FELCRAFT|S|1|0
145|QUE RICO COMIDAS CASERAS|S|1|0
146|PATKAS|S|1|0
147|ALPINA|S|2|0
148|PAPELERA ANIPEL|S|1|0
149|"123 LISTO"|S|1|0
150|SURTIDO|S|2|0
151|BLU SMARTPHONES|S|2|0
152|SCH PRODUCTOS ELABORADOS|S|1|0
153|LUMINATEC SRL|S|1|0
154|ALFAJORES LURE|S|1|0
155|CILO S.R.L.|S|1|0
156|MONDIAL|S|2|0
157|MUEBLES DEL SUR SRL|S|1|0
158|VESUBIO|S|2|0
159|EINHELL|S|2|0
160|YAPUR S.A.|S|1|0
161|ANGIOLA S.A.|S|1|0
162|VIAVITA NOBEL FOODS|S|1|0
163|MIA|S|1|0
164|VETE AL DIABLO|S|1|0
165|DYNAMITE|S|1|0
166|KUATI GRANOLAS|S|1|0
167|PAPELERA SAMSENG|S|1|0
168|WATERMELON|S|1|0
169|MATARO ACCESORIOS|S|1|0
170|CACHITA|S|1|0
171|EL PUELO|S|1|0
172|EMC MUEBLES|S|2|0
173|MIRANDO LA MODA|S|1|0
174|KREMIA|S|1|0
175|VEYKA|S|2|0
176|LESTER|S|1|0
177|GERROX SRL|S|1|0
178|PROMO UNILEVER|S|1|0
179|MATESTORE|S|1|0
180|LUSQTOFF ACCESORIOS|S|2|0
181|CULASSO VICTOR|S|1|0
182|CASILDA|S|2|0
183|ARTENARA|S|1|0
184|ARTENARA|S|1|0
185|GADI PABLO|S|1|0
186|FACTO ESPECIALES|S|1|0
187|MARAN|S|1|0
188|KOKEN|S|1|0
189|SALGUEIRO|S|2|0
190|GRUA PABLO|S|1|0
191|CASERITO|S|1|0
192|AKITA|S|1|0
193|LEE YANG SOOK|S|1|0
194|BOSETTO SA|S|1|0
195|BRONZE|S|1|0
196|DONATEX SRL|S|1|0
197|GLOW|S|1|0
198|CRMK SRL|S|1|0
199|WILLARD HOGAR|S|2|0
200|MOZART|S|2|0
201|ECMA ALUMINIO SRL|S|1|0
202|MUEBLES DEL SUR|S|1|0
203|MALLAS TM|S|2|0
204|BODEGA PUTRELE|S|1|0
205|DESCARTABLES CAROMAR|S|1|0
206|LA CHYRU|S|1|0
207|CEAPE GRANEL|S|1|0
208|ADECOAGRO|S|1|0
209|NEWPACK ARGENTINA SRL|S|1|0
210|INDELPLAS HOGAR|S|2|0
211|ROFINA|S|1|0
212|MAOAR S.R.L.|S|1|0
213|SMAREK HOGAR|S|2|0
214|VOSS 2000 CORRALON|S|2|0
215|CEG.HOGAR|S|2|0
216|shador|S|1|0
217|ZIBA CREACIONES|S|1|0
218|ELECTROLUX L.BLANCA|S|2|0
219|LEFRAN ARGENTINA|S|1|0
220|IAPI|S|1|0
221|PROYECTO UNO|S|1|0
222|TWIC S.A.|S|1|0
223|CECIL'S|S|1|0
224|CARDOZO NORMA|S|1|0
225|BARAMA|S|1|0
226|STAROPOLI CARLOS|S|1|0
227|KUKINAS|S|1|0
228|KUMHO|S|2|0
229|PANIF. DULCE LITORAL|S|1|0
230|PLASTIMART|S|1|0
231|SAN IGINIO|S|1|0
232|EL MUNDO DEL BAZAR|S|1|0
233|LUIS CAMPAGNOLA MUEBLES|S|1|0
234|CASTIGLIONE SA|S|1|0
235|AGLU ABUCEL SRL|S|1|0
236|SIN CULPA  ALFAJORES|S|1|0
237|BIZCOCHOS EL REY|S|1|0
238|EL BRUJO SRL|S|1|0
239|FELICES LAS VACAS|S|1|0
240|DELICIAN SIN TACC|S|1|0
241|ANTARTIDA PATY|S|1|0
242|ANTARTIDA GREEN LIFE|S|1|0
243|ANTARTIDA VEGETALEX|S|1|0
244|FUNDICION SOL DE MAYO|S|1|0
245|PASTAS DOÑA ROSA|S|1|0
246|ANTARTIDA MCCAIN FOOD|S|1|0
247|FRIGORIFICO INDAVISA|S|1|0
248|SOLQUIN,|S|1|0
249|MAXELL|S|1|0
250|MIEL DAVID|S|1|0
251|BODEGA SOTTANO|S|1|0
252|ANTARTIDA MC RETAIL|S|1|0
253|TMC|S|2|0
254|"373 DISTRIBUIDORA SRL"|S|2|0
255|ANTARTIDA FRUTAS|S|1|0
256|JIBUK SA|S|1|0
257|RICHS|S|1|0
258|CHOCOLATES INDUSTRIALES|S|1|0
259|INGRESE DESCRIPCION|S|2|0
260|INGRESE DESCRIPCION|S|2|0
261|INGRESE DESCRIPCION|S|2|0
262|INTIMITY SAS|S|1|0
263|JUSTINO ELABORADOS|S|1|0
264|FADIAL|S|1|0
265|FIBRAS 770|S|1|0
266|TKT|S|1|0
267|XENONA|S|1|0
268|QUIMYA YOG|S|1|0
269|PPR SOLUTION SRL|S|1|0
270|NATIVO HOME|S|1|0
271|MIR|S|2|0
272|LACTEOS AURORA SRL|S|1|0
273|DISTRI CREM|S|1|0
274|PRIVY|S|1|0
275|BASIC CODE|S|1|0
276|YURI|S|1|0
277|LOS CITRINOS|S|1|0
278|BIG JOY SRL|S|1|0
279|JESSY|S|1|0
280|WISH |S|1|0
281|UNI SYSTEM|S|1|0
282|DENIM LABEL GROUP SRL|S|1|0
283|EL GAUCHO|S|1|0
284|SANDERSON|S|2|0
285|DESTILERIA DEL LITORAL|S|1|0
286|LESOLEIL SIN TACC|S|1|0
287|MUECAS ALIMENTOS|S|1|0
288|EUROSTIL ARGENTINA SA|S|1|0
289|CARRETELES RAFAELA S.A.|N|2|0
290|DOS ANCLAS S.A.|S|1|0
291|YURI|S|1|0
292|J&G |S|1|0
293|USINA 77|S|1|0
294|SKR|S|1|0
295|ONDA|S|1|0
296|SCJ INSECTICIDA|S|1|0
297|SCJ BAÑO|S|1|0
298|SCJ HOGAR|S|1|0
299|BODEGA DON CRISTOBAL|S|1|0
300|LEDVANCE|S|2|0
301|INCA|S|1|0
302|ECOFACTORY|S|1|0
303|CANTINERO ENTRERRIANO|S|1|0
304|NAMIOS ALEJANDRO|S|1|0
305|INGRESE DESCRIPCION|S|4|0
306|BARDHAL|S|4|0
307|YPF|S|4|0
308|CENTRO DE DISEÑO ITALIANO SA|S|1|0
309|ALIAFOR MP|S|2|0
310|SOZOE|S|1|0
311|ALEM BIZCOCHITOS|S|1|0
312|LOIS|S|1|0
313|VERTIGO|S|2|0
314|LANDON|S|1|0
315|GRABACOR SA|S|1|0
316|HOME IDEAS SRL|S|1|0
317|BLANCO INFANTIL SRL|S|1|0
318|CHAPITA DECO|S|1|0
319|CLAUDIA ADORNO|S|1|0
320|REGIONALES CEREZA|S|1|0
321|GAREF|S|2|0
322|ALLEGRA|S|1|0
323|SED METAL|S|1|0
324|INGRESE DESCRIPCION|S|2|0
325|MAVA|S|1|0
326|ZIRI|S|1|0
327|ALZOL|S|1|0
328|RAFI HNOS.|S|1|0
329|LEE HAE JUNG|S|1|0
330|TYCHE SWETERS|S|1|0
331|LULU|S|1|0
332|ACCUEIL|S|1|0
333|MOZART GRIFERIAS|S|2|0
334|FILUM|S|1|0
335|PIEDRAFINA|S|2|0
336|ROCA REPUESTOS|S|2|0
337|AROMA A PASTAS|S|1|0
338|RODEX|S|2|0
339|LA GIOCONDA|S|1|0
340|ESTAB. DON LUCAS|S|1|0
341|PLUMAS OSTRICH|S|1|0
342|FLUIDO SA|S|1|0
343|DONINAS|S|1|0
344|WINCO|S|2|0
345|AGROYTEC|S|2|0
346|MELTAIM|S|1|0
347|PANIF.DULZURITAS HDZ.|S|1|0
348|KOLIBRI SRL|S|1|0
349|SEO NOELIA |S|1|0
350|BAVOSI SEMILLAS|S|1|0
351|LUMEN CHRISTI SRL|S|1|0
352|BADECO HOME|S|1|0
353|JUTEL S.A.|S|1|0
3000|ENVASES|S|1|0
3001|INDIGO|S|1|0
3002|IRPEEL|S|1|0
3003|COOP.MONTE CARLO LTD|S|1|0
3004|CARBON Y LEÑA|S|1|0
3005|LIKYER S.A.|S|1|0
3006|PANIF. DEL VALLE|S|1|0
3007|CLOROX|S|1|0
3008|LA CACHUERA|S|1|0
3009|DROGUERIA ARGENTINA|S|1|0
3010|CORTASSA|S|1|0
3011|AMARELO|S|1|0
3012|CRUZ ANDINA S.R.L.|S|1|0
3013|PANIF.SEB-JES HERNAN|S|1|0
3014|REGIDIET|S|1|0
3015|SUDAMERI. DE BEBIDAS|S|1|0
3016|CALISA|S|1|0
3017|ALICORP DOS|S|1|0
3018|PANIF.ROMAN HERNANDE|S|1|0
3019|FACTORIA DE ARTE SRL|S|1|0
3021|ARCOR S.A.|S|1|0
3022|TOTAL ALIMENTOS|S|1|0
3023|RISKY-DIT|S|1|0
3024|ZYMA|S|1|0
3025|SISCOM|S|1|0
3026|BUHL S.A.|S|1|0
3027|COOP. ARROCERA SAN SALVADOR|S|1|0
3028|PRODUCTOS LIPO S.A.|S|1|0
3029|LASFOR S.R.L.|S|1|0
3030|PURA FRESH S.A.|S|1|0
3031|TOSORATTI HNOS.|S|1|0
3032|EL REY DEL MERENGUE|S|1|0
3033|MISHKA|S|1|0
3034|BAGLEY S.A.|S|1|0
3035|WASSINGTON S.A.|S|1|0
3036|BAGGIO|S|1|0
3037|MELILLA|S|1|0
3038|GELFRI|S|1|0
3039|JAV SU ILUMINACION |S|1|0
3040|AGOFA|S|1|0
3041|PANIF.LOS AMIGOS HER|S|1|0
3042|GENKO S.A.|S|1|0
3043|BESSONE|S|1|0
3044|TOMAX SRL|S|1|0
3045|KROL|S|1|0
3046|CATAY |S|1|0
3047|PASTAS LA NORTEÑA|S|1|0
3048|REGIONAL TRADE|S|1|0
3049|YURI|S|1|0
3050|CEPAS ARGENTINA S.A.|S|1|0
3051|HOLLY GROUP ARGENINA|S|1|0
3052|JEAN MUIR|S|1|0
3053|MERCEDES|S|1|0
3054|ROSENTECK|S|1|0
3055|L'ETE MAILLOTS|S|1|0
3056|TEXTIL MAXXI|S|1|0
3057|ALGODONERA ACONCAGUA|S|1|0
3058|GILLETTE ARGENTINA|S|1|0
3059|VETERINARIA|S|1|0
3060|ENTRE VINOS Y AFINES|S|1|0
3061|LA ROSA BLANCA|S|1|0
3062|BODEGA TRIVENTO |S|1|0
3063|MERENGO|S|1|0
3064|SANTANA CONGELADOS|S|1|0
3065|FRIGORIFICO S.ISABEL|S|1|0
3066|CEREALSOL|S|1|0
3067|FRIAR|S|1|0
3068|ALICORP LIMPIEZA|S|1|0
3069|GRABYA S.R.L.|S|1|0
3070|MIMAGO|S|1|0
3071|BODEGA LOPEZ|S|1|0
3072|CACHAMAI|S|1|0
3073|DULFIX|S|1|0
3074|PANIF. LA ESPERA.HER|S|1|0
3075|EL JACARANDA|S|1|0
3076|FUPENTZ SRL|S|1|0
3078|GADI|S|1|0
3079|COTAGRO C.A.L|S|1|0
3080|COLGATE-PALMOLIVE|S|1|0
3081|PANIF.LA ESPERANZA H|S|1|0
3082|PROCTER & GAMBLE|S|1|0
3083|NINA PIU|S|1|0
3084|PROFILA|S|1|0
3085|BERNHARDT RONALDO RAUL|S|1|0
3086|UNOB|S|1|0
3087|CBSE|S|1|0
3088|CEAPE|S|1|0
3089|TANTO|S|1|0
3090|HERA|S|1|0
3091|CELUSAL|S|1|0
3092|ENSINCRO SRL|S|1|0
3093|ANTARTIDA|S|1|0
3094|PUPPE|S|1|0
3095|COLAUTTI RUBEN|S|1|0
3096|DASBURG S.A.|S|1|0
3097|SIMPA|S|1|0
3098|ESTAB.BERAZATEGUI SR|S|1|0
3099|PANIF. LA ESPERANZA|S|1|0
3100|LACTEOS ROSALAT|S|1|0
3101|NORDESTE SRL|S|1|0
3102|ANTONIO FLORES|S|1|0
3103|MENECHELLI GABRIEL|S|1|0
3104|INALPA|S|1|0
3105|ANTARES|S|1|0
3106|KONTROL S.A.|S|1|0
3107|ROCOCO|S|1|0
3108|RECKITT & BENCKISER|S|1|0
3109|COCA COLA|S|1|0
3110|VARICOR|S|1|0
3111|MDV PRODUCTOS|S|1|0
3112|UNIVEN|S|1|0
3113|MONASTERIO N.S.PNA.|S|1|0
3114|FIORENTINA|S|1|0
3115|CHIAMAT S.A.|S|1|0
3116|BODEGA ORFILA|S|1|0
3117|TEXTIL GLA|S|1|0
3118|EL TRIGAL S.R.L|S|1|0
3119|CANNETTINE|S|1|0
3120|NORFABRIL|S|1|0
3121|MALTECRACK|S|1|0
3122|AGROANDINA S.A.|S|1|0
3123|MAKAO|S|1|0
3124|JULI CROC|S|1|0
3125|PANIF. CUATRO ESPIGA|S|1|0
3126|FLORICULTURA LAR|S|1|0
3127|PERNOD RICARD ARG.|S|1|0
3128|SOYLAND |S|1|0
3129|BONAFIDE|S|1|0
3130|CND S.R.L.|S|1|0
3131|OPERA ROCK|S|1|0
3132|TRINI STEVIA|S|1|0
3133|HUMOS DEL SUR|S|1|0
3134|VIRIDIANA|S|1|0
3135|LA GAUCHITA|S|1|0
3136|CELULOSA CAMPANA|S|1|0
3137|CORTASSA SIN PROMO|S|1|0
3138|MILKAUT|S|1|0
3139|SUNSET|S|1|0
3140|VINAGRES ANTELIA SRL|S|1|0
3141|VOLF S.A.|S|1|0
3142|PRIFAMON|S|1|0
3143|DELLEPIANE|S|1|0
3144|L3N S.A.|S|1|0
3145|UNILEVER.|S|1|0
3146|CERAMICAS ISA|S|1|0
3148|LACTEOS VERONICA|S|1|0
3149|PLAY|S|1|0
3150|BORGATTO Y PIROLA|S|1|0
3151|AEROSOFT|S|1|0
3152|FLORA DANICA|S|1|0
3153|TIERRA NATIVA S.A.|S|1|0
3154|NUTRIBRAS S.A.|S|1|0
3155|PANIF.LA MAGA NOGOYA|S|1|0
3156|ALISAN SRL|S|1|0
3157|MONTIELERA|S|1|0
3158|LEITIS PANIFICADOS|S|1|0
3159|CAMPARI|S|1|0
3160|BODEGA CEPAS DE LUNLUNTA|S|1|0
3161|MALSA S.A.|S|1|0
3162|EL FLECO|S|1|0
3163|GLUTAL S.A.|S|1|0
3164|NIEVES FONRRADONA|S|1|0
3165|CALSA |S|1|0
3166|LILIANA DAGLIO|S|1|0
3167|ALCO S.A.|S|1|0
3168|FIDEGROUP|S|1|0
3169|GRUPO RIECH S.A.|S|1|0
3170|MOLINO CAÑUELAS|S|1|0
3171|EL CEPO INTERIORES|S|1|0
3172|CREMIGAL|S|1|0
3173|RICEDIEX SRL|S|1|0
3174|GALA GOURMET|S|1|0
3175|LA NIRVA S.A.|S|1|0
3176|HISAN S.A.|S|1|0
3177|BODEGA GARBIN|S|1|0
3178|LICORES ARGENTINOS|S|1|0
3179|MERISANT ARGENTINA|S|1|0
3180|MIRO MARCOS|S|1|0
3181|PASTAS DON FULGENCIO|S|1|0
3182|PANIF. SOL DEL ESTE|S|1|0
3183|SMAMS WELLINGTON FOOD|S|1|0
3184|MARENGO S.A.|S|1|0
3186|IMPORTADORA AMERIC.|S|1|0
3187|JOAQUIN CUTCHET S.A.|S|1|0
3188|SANS DOUTE|S|1|0
3189|PASTAS LA MORENITA|S|1|0
3190|MEDIAS MARFAY|S|1|0
3191|PAR-NOR|S|1|0
3192|IFISA S.A.|S|1|0
3193|COLMENAR ERCABE|S|1|0
3194|ERNEFA|S|1|0
3195|BODEGA ESMERALDA|S|1|0
3196|MANIA|S|1|0
3197|DIMAX ALIMENTOS|S|1|0
3198|MAR MAK|S|1|0
3199|AGUA DEL VALLE|S|1|0
3200|KRACHITOS|S|1|0
3201|LLORENTE Y CIA S.A.|S|1|0
3202|ACTIVE COSMETIC|S|1|0
3203|BODEGA FIN DEL MUNDO|S|1|0
3204|DON QUITO|S|1|0
3205|COOP. SAN PEDRO|S|1|0
3206|TOSTADAS RIERA|S|1|0
3207|MISS YLANG LOREAL|S|1|0
3208|TRIUNFAR LIBROS|S|1|0
3209|PAULISTA FIESTAS|S|1|0
3210|DEBAIN|S|1|0
3211|MOLINO SAN JOSE|S|1|0
3212|PIAZZA SRL|S|1|0
3213|DAUBY|S|1|0
3214|CROWIE|S|1|0
3215|ARYTZA MARIAN|S|1|0
3216|NOAL S.A.|S|1|0
3217|PERLAS DEL SUR S.A.|S|1|0
3218|PHAEDRUS SRL|S|1|0
3219|TRIGALIA|S|1|0
3220|KLEÑUK HNOS. S.R.L.|S|1|0
3221|BODEGA NORTON|S|1|0
3222|MOLINOS RIO DL.PLATA|S|1|0
3223|ECON CASA SRL|S|1|0
3224|AFA|S|1|0
3225|LA COLINA|S|1|0
3226|FRATELLI BRANCA|S|1|0
3227|LACTEOS DON BARTOLO|S|1|0
3228|SUYSA S.A.|S|1|0
3229|COOP. LA RIOJANA|S|1|0
3230|AMERIKA 2001 S.A.|S|1|0
3231|FRESCOR|S|1|0
3232|STEVIA NATURAL|S|1|0
3233|ECOVITA|S|1|0
3234|GRABICH SRL|S|1|0
3235|PRODUMEN|S|1|0
3236|COOP.YERB.ANDRESITO|S|1|0
3237|TAU DELTA S.A.|S|1|0
3238|IBERIA|S|1|0
3239|FASHION CANDLE|S|1|0
3240|COLONIA DORADA |S|1|0
3241|MAYBELLINE LOREAL|S|1|0
3242|PP.ENLATADOS |S|1|0
3243|MENOYO S.A.|S|1|0
3244|BODEGA CATENA ZAPATA|S|1|0
3245|FUEGUERO|S|1|0
3246|AR ALIMENTICIA SRL|S|1|0
3247|CHARINUT S.R.L.|S|1|0
3248|AVELINO S.A.|S|1|0
3249|JUMALA S.A.|S|1|0
3250|ADDAFE S.A.|S|1|0
3251|PANIF. LA NUEVA|S|1|0
3253|DCC S.A.|S|1|0
3254|GEORGALOS|S|1|0
3255|ERBA S.R.L.|S|1|0
3257|TANONI HNOS. S.A.|S|1|0
3258|INDUSTRIAS LACTEAS BS.AS.|S|1|0
3259|MARIANO JACOBI |S|1|0
3260|DOÑA JOSEFINA|S|1|0
3261|PANIF.MORENA HDEZ|S|1|0
3262|MAITRE GS|S|1|0
3263|LOPEZ GASPERINI HNOS.|S|1|0
3264|VELAS LOURDES|S|1|0
3265|MAFRALAC ALIMENTICIA|S|1|0
3266|COOP. SAN ALBERTO LTDA.|S|1|0
3267|TUCANGUA COOP. RUIZ DE MONTOYA|S|1|0
3268|DELPACK SRL|S|1|0
3269|FARGO|S|1|0
3270|MANIERI & ROSSI|S|1|0
3271|PANIF. DOÑA JOSEFINA|S|1|0
3272|LA CASA DEL REY SA|S|1|0
3273|GAMA C|S|1|0
3274|LACTEOS ABICO SRL|S|1|0
3275|MULTICREM|S|1|0
3276|DELICEL |S|1|0
3277|ALICORP 2021|S|1|0
3278|MANISUR|S|1|0
3279|RIILI HUGO |S|1|0
3280|ARTESANIAS SHANGHAI|S|1|0
3281|LACTEOS LAYNA|S|1|0
3282|MULTICAPA SRL|S|1|0
3283|COOP. TRAB.VELEROS|S|1|0
3284|LA PAPELERA D. PLATA|S|1|0
3285|KCK TISSUE|S|1|0
3286|SMITHKLINE|S|1|0
3287|GLAM DISTRIBUCIONES|S|1|0
3288|JUNKO SRL|S|1|0
3289|LABORATORIO ARISE|S|1|0
3290|DON YEYO|S|1|0
3291|BODEGA GABRIEL|S|1|0
3292|BODEGA FINCAFLICHMAN|S|1|0
3293|PLASENCIA HNOS. S.A.|S|1|0
3294|FEMISAN|S|1|0
3295|MELIAN S.A.|S|1|0
3296|CELUPAPER|S|1|0
3297|DAR DE ALTA|S|1|0
3298|INECTO|S|1|0
3299|CEPAS RIOJANAS|S|1|0
3300|VANOLI|S|1|0
3301|FITZ ROY|S|1|0
3302|C&T S.A.|S|1|0
3303|CONDESA|S|1|0
3304|OROCLEAN|S|1|0
3305|PANIF. LA ESPIGA|S|1|0
3306|COMERCIAL S.CRISTOBA|S|1|0
3307|CDIMEX S.A.|S|1|0
3308|FINCA CAYE|S|1|0
3309|BETTANIN|S|1|0
3310|TEA XXI|S|1|0
3311|INSUMOS|S|1|0
3312|LORENZO HERMANOS SRL|S|1|0
3313|BODEGA CUARTO SURCO S.A.|S|1|0
3314|CARLOS DECHANZI PERF|S|1|0
3315|COOP. TRABAJO LABORATORIOS|S|1|0
3316|CARNICERIA PREPARADOS|S|1|0
3317|ATRAPASUEÑOS|S|1|0
3318|LA ALEMANITA|S|1|0
3319|PAÑUELOS DEL SUR SRL|S|1|0
3320|LACTEOS EL GASTON|S|1|0
3321|CORPUS |S|1|0
3322|CAGNOLI FIAMBRES|S|1|0
3324|EPOCA|S|1|0
3325|FRESS CROCC|S|1|0
3326|RIS BIO NUTRICION|S|1|0
3327|LABORATORIO CUENCA SA|S|1|0
3328|PATAGONIA PET|S|1|0
3329|DREAMCO|S|1|0
3330|SAGEMULLER|S|1|0
3331|PORTUGAL|S|1|0
3332|CONCEPTO DECO SRL|S|1|0
3333|UNILEVER BEST FOODS|S|1|0
3334|LA LACTEO|S|1|0
3335|COSMETICA ARGENTINA|S|1|0
3336|MARILY S.A.|S|1|0
3337|ESTAB. SAN IGNACIO S.A.|S|1|0
3338|ORG.LAS MERCEDES|S|1|0
3339|LA REINA|S|1|0
3340|HELADOS PEÑAS S.R.L.|S|1|0
3341|DULCOR|S|1|0
3342|DON ARREGUI|S|1|0
3344|PASTAS MOSTACHO|S|1|0
3345|BUYANOR S.A.|S|1|0
3346|VELASOL|S|1|0
3347|COOP. JARDIN AMERICA|S|1|0
3348|BODEGA CUVILLIER S.A|S|1|0
3349|AROMATIZADORES DIFERENTES S.A.|S|1|0
3350|PASTAS LA BIANCA|S|1|0
3351|LA CAMPAGNOLA|S|1|0
3352|PASTAS LA CENTRAL|S|1|0
3353|KAZUMA|S|1|0
3354|MOLINO URDINARRAIN|S|1|0
3355|JOSE LLENES SACIF|S|1|0
3356|ALGABO PRIMER PRECIO|S|1|0
3357|COTAR|S|1|0
3358|SANTA RITA|S|1|0
3359|PANIF. LA LOMA|S|1|0
3360|ALIMENTOS DE MANI SRL|S|1|0
3361|YUSPE|S|1|0
3362|IAMA S.A.|S|1|0
3363|GRUPO BAIO S.A.|S|1|0
3364|LA VIRGINIA|S|1|0
3365|SAO FRESH S.A|S|1|0
3366|LABORATORIO GORDON|S|1|0
3367|NEOSOL|S|1|0
3368|RESERO|S|1|0
3369|DOMITEC S.A.|S|1|0
3370|GOLDEN HARVEST|S|1|0
3371|PDV GROUP S.R.L.|S|1|0
3372|CASTELL|S|1|0
3373|LHERITIER|S|1|0
3374|JORGUAN S.A.|S|1|0
3375|CAPILATIS S.A.|S|1|0
3376|BRIOSH S.A.|S|1|0
3377|HAPPY FOOD S.A.|S|1|0
3378|PANIF.DON ULISES HDZ|S|1|0
3379|CONDIMENTOS S.R.L.|S|1|0
3380|HORVINDUL|S|1|3
3381|HAMBIS |S|1|0
3382|BRURIN|S|1|0
3383|TRIMAK|S|1|0
3384|TAHITI |S|1|0
3385|KOKIS |S|1|0
3386|VENEZIANA |S|1|0
3387|PANIF. GASTON DUARTE|S|1|0
3388|NORTH 86|S|1|0
3389|GUISASOLA HNOS.|S|1|0
3390|ECOSAN|S|1|0
3391|SABORISAL|S|1|0
3392|PANIF. TESSORE HNOS.|S|1|0
3393|PANIF. LOS TRIGALES|S|1|0
3394|LOREAL|S|1|0
3395|NUEVA LUZ SRL|S|1|0
3396|PANIF. LA DULCE|S|1|0
3397|PANIF. LA ESPAÑOLA|S|1|0
3398|ATB |S|1|0
3399|FESTA JOSE MARCELO|S|1|0
3400|DELLA SCHIAVA|S|1|0
3401|VIMAR|S|1|0
3402|BODEGA SALENTEIN|S|1|0
3403|BUNGE|S|1|0
3404|REFINERIA DEL CENTRO S.A.|S|1|0
3405|R Y M|S|1|0
3406|TIA MARUCA|S|1|0
3407|SIRMER S.R.L.|S|1|0
3408|MARBELLA|S|1|0
3409|GAM GUIALEMAR|S|1|0
3410|BORSA SRL|S|1|0
3411|VELAS VELSUR SRL|S|1|0
3412|SOL FRUT S.A.|S|1|0
3413|PUROSOL|S|1|0
3414|BIMBO|S|1|0
3415|AVA S.A.|S|1|0
3416|COOP. FECOAGRO|S|1|0
3417|VINAGRES MENOYO|S|1|0
3418|QUILMES LATAS|S|1|0
3419|PANIF. ESTRELLA|S|1|0
3420|ASURIN|S|1|0
3421|DOS HERMANOS|S|1|0
3422|SABORISMO S.A.|S|1|0
3423|MOLINO ARRO.MILENIUM|S|1|0
3424|SALERNO|S|1|0
3425|COOP.VIT.COLO.CAROYA|S|1|0
3426|MORTIMER|S|1|0
3427|TAMPAX|S|1|0
3428|YERBA PIPORE|S|1|0
3429|COMPANIA DE AEROSOLE|S|1|0
3430|PERFUMERIAS KELLER|S|1|0
3431|PROTECTION|S|1|0
3432|MARGADIET|S|1|0
3433|LACTEOS CAMPS|S|1|0
3434|ROCKLINE ARGENTINA|S|1|0
3435|OSRAM ARGENTINA|S|1|0
3436|PETRILAC|S|1|0
3437|PRUNELLE|S|1|0
3438|LA ESPAÑOLA|S|1|0
3439|MEDIA NARANJA|S|1|0
3440|FADEGA|S|1|0
3441|MONTENEVI|S|1|0
3442|COFIG|S|1|0
3443|GRIDO S.A.|S|1|0
3444|JOSE JUAN YAPUR S.A.|S|1|0
3445|ERPA SACIF|S|1|0
3446|COSMOPOLITAN|S|1|0
3447|KEY FASHION|S|1|0
3448|BW PAPEL|S|1|0
3449|BODEGA BRANDS COMPAN|S|1|0
3450|NANTES|S|1|0
3451|NARDEN|S|1|0
3452|EPIFANIO JIMENEZ|S|1|0
3453|GRUPO DF|S|1|0
3454|CAREAGA|S|1|0
3455|COLETTE|S|1|0
3456|NEREIDA|S|1|0
3457|NESTLE ARGENTINA S.A|S|1|0
3458|SUCHARD CHOCOLATES|S|1|0
3459|LOS HUARPES|S|1|0
3460|NESTLE - LACTEOS|S|1|0
3461|BRILLCREAM|S|1|0
3462|MOLINO LA MISION|S|1|0
3463|SAMARI|S|1|0
3464|PORTA (PERROS)|S|1|0
3465|LA PAULINA|S|1|0
3466|CEPAS BLANCAS|S|1|0
3467|DIETETICA CIENTIFICA|S|1|0
3468|PANIF.DULCE Y SALADO|S|1|0
3469|ISSUE|S|1|0
3470|LA COMARCA SCS|S|1|0
3471|NUEVA ESTRELLA|S|1|0
3472|HECK LETICIA|S|1|0
3473|QUESOS EL GAUCHITO|S|1|0
3474|ILKO ARGENTINA|S|1|0
3475|FULTON|S|1|0
3476|CASSINI Y CESARATTO|S|1|0
3477|BODEGA GRAFFIGNA|S|1|0
3478|TEXTIL MARIA LUISA|S|1|0
3479|LUNA DEL PLATA|S|1|0
3480|AGRO ACEITUNERA|S|1|0
3481|LIMPIO LIND|S|1|0
3482|FLORIDA|S|1|0
3483|LACTEOS L.W.|S|1|0
3484|LACTEOS SANTA CLARA|S|1|0
3485|CHOCOARROZ|S|1|0
3486|SCHERING PLOUGH SA|S|1|0
3487|FRUTAFIEL S.A.|S|1|0
3488|FRITZLER HNOS|S|1|0
3489|GOY WIDMER|S|1|0
3490|VIVERO LOS LIRIOS|S|1|0
3491|ARROMED S.A.|S|1|0
3492|LACTEOS 4 HERMANOS|S|1|0
3493|LYON CITY S.A.|S|1|0
3494|LACT. EL FORASTERO|S|1|0
3495|VERDULERIA|S|1|0
3496|TROTE|S|1|0
3497|XERCOM S.A.|S|1|0
3498|LACTEOS LA CRESPENSE|S|1|0
3499|ACHETONI|S|1|0
3500|ALIPAST|S|1|0
3501|PADILLA|S|1|0
3502|FRIGORIFICO PALADINI|S|1|0
3503|DO\A CLARA|S|1|0
3504|CIALPIL S.A.|S|1|0
3505|JAUREGUI|S|1|0
3506|NATUSUR S.A.|S|1|0
3507|HJ NAVAS|S|1|0
3508|CARLOS CARAM|S|1|0
3509|CABAÑA MICO S.A.|S|1|0
3510|SANTA CLARA|S|1|0
3511|PEHUAMAR|S|1|0
3512|PERICO LEGUMBRE|S|1|0
3513|PERSONAL|S|1|0
3514|PHILIPS|S|1|0
3515|VANNA S.R.L.|S|1|0
3516|MONARCA|S|1|0
3517|NUTROVO S.A.|S|1|0
3518|PINDAPOY|S|1|0
3519|PINOLUZ|S|1|0
3520|SEMILLAS Y CEREALES S.R.L.|S|1|0
3521|DANUBIO|S|1|0
3522|INDUSTRIA ALI.MENDOC|S|1|0
3523|POETT|S|1|0
3524|CEREALES NATURALES|S|1|0
3525|TREGAR|S|1|0
3526|RODRIGUEZ|S|1|0
3527|GERULA S.A.|S|1|0
3528|COLOR SELECTION|S|1|0
3529|ORLEP|S|1|0
3530|BODEGA LA RURAL|S|1|0
3531|PALMESANO|S|1|0
3532|VINAGRES HALCONERO|S|1|0
3533|OKEBON|S|1|0
3534|FRAGANCIA IMPORTADA|S|1|0
3535|VALENA SRL|S|1|0
3536|DOÑA BLANCA|S|1|0
3537|TRES TORRES|S|1|0
3538|POLYANA|S|1|0
3539|LA MERE MICHELLE|S|1|0
3540|G Y G DISTRIBUCIONES|S|1|0
3541|LA IDEAL|S|1|0
3542|OPTIMA|S|1|0
3543|MOLINO PASSERINI |S|1|0
3544|PATYVIENA|S|1|0
3545|LACTEOS GOTTE S.A.|S|1|0
3546|KIMBERLY NUEVO|S|1|0
3548|VILLA DEL SUR|S|1|0
3549|PENETRIT|S|1|0
3550|ROSSO|S|1|0
3551|QUILMES BOTELLAS|S|1|0
3552|GOL-VAR DISTRIBUCION|S|1|0
3553|KIMBERLY CLARK ARGE.|S|1|0
3554|INTERLINK COMPANY SR|S|1|0
3555|LA CAROYENSE|S|1|0
3556|PANS COMPANY|S|1|0
3557|TERESA LUCIA COLLADO|S|1|0
3558|MATEXSUR|S|1|0
3559|CLAUDIO J. MATURANO|S|1|0
3560|SCJ AIRE|S|1|0
3561|FRANCISCO SALZANO|S|1|0
3562|MOLINO INDELMA SA|S|1|0
3563|MASTELLONE HNOS S.A.|S|1|0
3564|SAN JOSE VITIVINICOL|S|1|0
3565|PRODUCTO P.PRECIO VT|S|1|0
3566|RESERO FECOVITA C.L.|S|1|0
3567|CEDRO AZUL SRL|S|1|0
3568|LA MARIPOSA|S|1|0
3569|EVEREADY|S|1|0
3570|WILLINER|S|1|0
3571|ARGENCOS S.A.|S|1|0
3572|MARIA DE IGLESIAS|S|1|0
3573|SEDAL NUEVO|S|1|0
3574|HREÑUK HNOS.|S|1|0
3575|SODECAR|S|1|0
3576|JOSE GUMA|S|1|0
3577|REFRES NOW|S|1|0
3578|FARMACIA BOLSAN|S|1|0
3579|CRAFT CORNER|S|1|0
3580|MASSOLA|S|1|0
3581|PANIF. LA DULCE NOGOYA|S|1|0
3583|LACTEOS TREMBLAY|S|1|0
3584|KARINA RABOLINI|S|1|0
3585|DON PIRO|S|1|0
3586|POLYFILM|S|1|0
3587|LACTEOS DOÑA LUISA|S|1|0
3588|TEXSAO S.A.|S|1|0
3589|NECHO S.A.|S|1|0
3590|CASA MIGUEL|S|1|0
3591|BETIEL S.A.|S|1|0
3592|RONCHI E HIJOS|S|1|0
3593|LOS 5 HISPANOS S.A.|S|1|0
3594|MOLINO HARINERO RAMI|S|1|0
3595|SANCOR CUL|S|1|0
3596|PP.SAN SALVADOR|S|1|0
3597|CCU BOTELLAS|S|1|0
3598|YOMAL KARINA RAQUEL|S|1|0
3599|BODEGA NIETO|S|1|0
3600|NIETO Y CIA S.A.|S|1|0
3601|LA SIBILA|S|1|0
3602|IOFI|S|1|0
3603|ELIDA PONDS|S|1|0
3604|VALO|S|1|0
3605|PEPSI-SEVEN UP|S|1|0
3606|PAULISTA|S|1|0
3607|GULLO SRL|S|1|0
3608|EL FANE|S|1|0
3609|MORFOSIS|S|1|0
3610|LA MONTEVIDEANA|S|1|0
3611|BODEGA FREIXENET|S|1|0
3612|PANIF. ALI-MI|S|1|0
3613|PAPELERA S.ANDRES GI|S|1|0
3614|GALLETAS DON PANCHO S.A.|S|1|0
3615|LOVE & CARE|S|1|0
3616|SOL CLEAN S.A.|S|1|0
3617|BODEGA SALTO ROSAS S|S|1|0
3618|PACKING FRUIT|S|1|0
3619|VILLARD Y LOUIS|S|1|0
3620|CABERNET - IMPO.EXPO|S|1|0
3621|BODEGA CASA MONTES|S|1|0
3622|COTY NUEVO|S|1|0
3623|BODEGA FLIA. SCHRO|S|1|0
3624|REVIGAL S.A.|S|1|0
3625|SWIFT|S|1|0
3626|INTERNACIONAL PRO.SA|S|1|0
3627|CRIS - JOR|S|1|0
3628|FELIX DE VITA|S|1|0
3629|KAAS SRL|S|1|0
3630|DISMEN SRL|S|1|0
3631|BASICNATURAL|S|1|0
3632|PROMET S.A.|S|1|0
3633|MOLINO SAN MARTIN SA|S|1|0
3634|PANIF. SAN JOSE|S|1|0
3635|DIST.GM SRL|S|1|0
3636|PILMAR S.A.|S|1|0
3637|GOMA OESTE SRL|S|1|0
3638|CONCEPTO MAREA|S|1|0
3639|FEDESUR S.A.|S|1|0
3640|MAGGIO REGALOS S.R.L|S|1|0
3641|MACULAN|S|1|0
3642|FRIGORIFICO EPUYEN|S|1|0
3643|BODEGA FINCA ROJA|S|1|0
3644|ALIMENTOS BEN|S|1|0
3645|EPIFANIA|S|1|0
3646|BEIGOSOL |S|1|0
3647|BODEGA CIELO Y TIERRA|S|1|0
3648|EL RIVAL|S|1|0
3649|ARRUFAT|S|1|0
3650|INDOMITO SECADERO|S|1|0
3651|MODAS MARIÑO|S|1|0
3652|HECSPI|S|1|0
3653|TASA LAS MARIAS|S|1|0
3654|BACHI|S|1|0
3655|AGROPARQUE SRL|S|1|0
3656|COMO SI SUPIERAS|S|1|0
3657|PLANETA ROSA|S|1|0
3658|KRAFT FOODS ARGENTIN|S|1|0
3659|FERRERO ROCHER|S|1|0
3660|LEOFILM|S|1|0
3661|BODEGA TRES BLASONES|S|1|0
3662|EL TALLEDOR|S|1|0
3663|ESCUELA ESPECIAL|S|1|0
3664|MAXI CRISTAL|S|1|0
3665|TINOK S.R.L.|S|1|0
3666|BODEGA TERRANOVA S.A.|S|1|0
3667|FECOVITA|S|1|0
3668|QUO PRODUCTOS SRL|S|1|0
3669|KAIZIA|S|1|0
3670|VATTO SRL|S|1|0
3671|PHILIPS AVENT|S|1|0
3672|TRESAVI S.R.L.|S|1|0
3673|TEREPIN |S|1|0
3674|LA EGIPCIANA|S|1|0
3675|LOPREITE RODOLFO|S|1|0
3676|CLEANER S.A.|S|1|0
3677|DULCE COLOR|S|1|0
3678|TEPEC S.R.L.|S|1|0
3679|TRANSICHOC|S|1|0
3680|LITORAL LOGISTICA|S|1|0
3681|MASKA|S|1|0
3682|RONCHINI |S|1|0
3683|CLONE|S|1|0
3684|DANKON SRL|S|1|0
3685|PANIF. EL PROGRESO|S|1|0
3686|VALLESOL|S|1|0
3687|PROGOMA|S|1|0
3688|LIA|S|1|0
3689|MARCOS SCHMUKLER S.A.|S|1|0
3690|PARALLEL|S|1|0
3691|TICORAL|S|1|0
3692|LABORATORIO YERUTI S|S|1|0
3693|PANIF. LE MAR|S|1|0
3694|LACTEOS LAS DELICIAS|S|1|0
3695|AGUA NUESTRA|S|1|0
3696|PANIF. ALEMANA|S|1|0
3697|FEL FORT|S|1|0
3698|GELTEK CONTROL|S|1|0
3699|HILERET|S|1|0
3700|MDIP CONCEPT SRL|S|1|0
3701|FRIGORIFICO SAGEMULL|S|1|0
3702|SAUL MOCARBEL SRL|S|1|0
3703|BON MASE S.A.|S|1|0
3704|LA FARMACO ARGENTINA|S|1|0
3705|CABRALES S.A.|S|1|0
3706|MERKOFILM POLIETILE.|S|1|0
3707|PANIF. M Y M|S|1|0
3709|PUNTA GORDA|S|1|0
3710|CARLETI|S|1|0
3711|NUTRICIA BAGO S.A.|S|1|0
3712|VIRULANA|S|1|0
3713|CRI - CRI|S|1|0
3714|PRINCILISTO EST. SAN CARLOS|S|1|0
3715|LACTEOS LA BLANQUITA|S|1|0
3716|TELAR DEL RIO|S|1|0
3717|PUSINERI|S|1|0
3718|BODEGA TRAPICHE|S|1|0
3719|PROV. VARIOS BEBIDAS|S|1|0
3720|PR.VARIOS PERFUMERIA|S|1|0
3721|PROV.VARIOS LIMPIEZA|S|1|0
3722|PR.VARIOS SUPERMERC.|S|1|0
3723|A.G.D.|S|1|0
3724|ROTISERIA L.A.R.|S|1|0
3725|ARBREX|S|1|0
3726|AZUCAR VARIOS|S|1|0
3727|CARNE VACUNA|S|1|0
3728|AMSA S.A.|S|1|0
3729|KRANEWITTER HNOS.|S|1|0
3730|NO END|S|1|0
3731|REVLON|S|1|0
3732|MARGEN AZUL S.R.L|S|1|0
3733|DORYA S.A.|S|1|0
3734|VELAME ARGENTINA|S|1|0
3735|MAKEVA S.R.L.|S|1|0
3736|LA PRIMERA|S|1|0
3737|ESTAB.BALTAZAR|S|1|0
3738|TUG|S|1|0
3739|PORTA HNOS.|S|1|0
3740|JOHN DOE|S|1|0
3741|BLANQUERIA.COM|S|1|0
3742|CLAUDIA OLIVA JEGO|S|1|0
3743|FLASH|S|1|0
3744|DEPIMIEL|S|1|0
3745|MARU WELLER|S|1|0
3746|FRADEALCO S.A.|S|1|0
3747|LA BAMBA|S|1|0
3748|ALIMENTARIA MONTE CRISTO SRL|S|1|0
3749|VILLARES S.A.C.|S|1|0
3750|GOODIES S.A.|S|1|0
3751|LACTEOS DON SOLANO|S|1|0
3752|PARA DAR DE ALTA|S|1|0
3753|RED|S|1|0
3754|SAN NICOLAS|S|1|0
3755|GATO GARABATO|S|1|0
3756|LACTEOS GAUSS|S|1|0
3757|IPANCO S.R.L.|S|1|0
3758|SAFRA|S|1|0
3759|CASA PASO|S|1|0
3760|BON BOA|S|1|0
3761|LENTERDIT S.A.|S|1|0
3762|ELCOR SRL|S|1|0
3763|HELADERIA BAHIA|S|1|0
3764|TIMUKA|S|1|0
3765|PUCCI DISTRIBUCIONES|S|1|0
3766|DOS SANTOS PEREYRA|S|1|0
3767|MALLAS MORON|S|1|0
3768|LA PARMESANA|S|1|0
3769|CONFECCIONES MARIANA|S|1|0
3770|INDUSTRIAS MAYA|S|1|0
3771|M.5.M|S|1|0
3772|CONNECTION JEANS|S|1|0
3773|NUTRECO ALIMENTOS |S|1|0
3774|CCU LATAS|S|1|0
3775|EL OSASIS|S|1|0
3776|EMER PLAST S.R.L.|S|1|0
3777|PLUMARI|S|1|0
3778|RAICES CRIOLLAS|S|1|0
3779|MELON|S|1|0
3780|COOP. COLONIA LIEBIG|S|1|0
3781|ANCERS S.A.|S|1|0
3782|CARNE CERDO|S|1|0
3783|NANO|S|1|0
3784|JMG|S|1|0
3785|LA CASA DEL MARCO|S|1|0
3786|BODEGA LAS MORAS|S|1|0
3787|NATURAL|S|1|0
3788|K-K-I-W-I-L|S|1|0
3789|BODEGA LA LINDA|S|1|0
3790|EL ROSQUINENSE S.A.|S|1|0
3791|SANO Y NATURAL|S|1|0
3792|CICLO|S|1|0
3793|GRUPO TAURO S.R.L.|S|1|0
3794|FUEGO NEGRO|S|1|0
3795|INDUPAS SRL|S|1|0
3797|PLASTICUER|S|1|0
3798|PANIF. LA CHACHA|S|1|0
3799|MONTANA|S|1|0
3800|INQUIETA|S|1|0
3801|LIMIT|S|1|0
3802|COTAPA|S|1|0
3803|FIAMBRES LAR.|S|1|0
3804|PANIF. LAR|S|1|0
3805|MOLINO-REFRIGERADOS|S|1|0
3806|HUEVOS LAR.|S|1|0
3807|NUTRILAR|S|1|0
3808|SAENZ BRIONES|S|1|0
3809|AVARO HNOS.|S|1|0
3810|BODEGA EL ESTECO|S|1|0
3811|AZUL ILUMINACION|S|1|0
3812|RUMAH JAVA|S|1|0
3813|DANONE ARGENTINA SA|S|1|0
3814|PLASTITELAS|S|1|0
3815|BODEGA ESCORIHUELA|S|1|0
3816|LA PATRICIA |S|1|0
3817|TERBO S.A.|S|1|0
3818|MARINOZZI|S|1|0
3819|COOP. LOS MOLINOS|S|1|0
3820|STANI|S|1|0
3821|SPATZ BERTA MATILDE|S|1|0
3822|MONICA E. LINDT|S|1|0
3823|JVA-SWISS PERSONAL C|S|1|0
3824|PANIF. LA ESMERALDA|S|1|0
3825|PRODUCTOS VENHOR S.A|S|1|0
3826|JOYAS CRACCO|S|1|0
3827|GENESIS 1:29|S|1|0
3828|TORAY S.A.|S|1|0
3829|LEE HONG JA|S|1|0
3830|SAL DE CAMPO|S|1|0
3831|COTY ARGENTINA|S|1|0
3832|EL EMPORIO DEL PEIN.|S|1|0
3833|NEW PLAST|S|1|0
3834|CABAÑA ARGENTINA|S|1|0
3835|DOREMI|S|1|0
3836|SF BLANCO|S|1|0
3837|BANANA WORLD|S|1|0
3838|MIGUEZ SERGIO MANUEL|S|1|0
3839|AZUMENDEZ|S|1|0
3840|KIWI|S|1|0
3841|MARA BIJOUT|S|1|0
3842|NOLTACC SRL|S|1|0
3843|VICTOR CALAFIORE|S|1|0
3844|PALMESANO FIESTAS|S|1|0
3845|PROV. VARIOS|S|1|0
3846|STAPLER|S|1|0
3847|PAMPA|S|1|0
3848|JORGE TALLONE-PERFU.|S|1|0
3849|SESE SENGER LEONARDO|S|1|0
3850|LATINA|S|1|0
3851|CIA. TEENSUN S.A.|S|1|0
3852|LACTEOS SANTA MARIA|S|1|0
3853|ENGRAUCOOP |S|1|0
3854|VILLA IRIS|S|1|0
3855|SED METAL|S|1|0
3856|LUSILSA|S|1|0
3857|CERVEZA NOGOYA|S|1|0
3858|RW SWETER|S|1|0
3859|GARIOS S.A.|S|1|0
3860|PANIF. LA FRANCIA|S|1|0
3861|BEIERSDORF|S|1|0
3862|ALIMENTOS FRANSRO SR|S|1|0
3863|GLUTEN FREE|S|1|0
3864|RAMA CAIDA S.A.|S|1|0
3865|CANDY MIX|S|1|0
3866|MUNDO BEBIDAS SRL|S|1|0
3867|LENA SRL|S|1|0
3868|PAULVIC PARFUMS|S|1|0
3869|CADBURY|S|1|0
3870|PANASONIC DO BRASIL |S|1|0
3871|PANIF. MI FAMILIA|S|1|0
3872|COSMETICOS PANDA SRL|S|1|0
3873|BODEGA LUIGI BOSCA|S|1|0
3874|PEDIGREE|S|1|0
3875|CANALE|S|1|0
3876|LBT GROUP S.A.|S|1|0
3877|ARROCEROS VILLA ELIS|S|1|0
3878|ROBERTO PASMANTER SA|S|1|0
3879|MUSLI WOLKEN S.A.|S|1|0
3880|ALICORP NUEVO|S|1|0
3881|DON SATUR|S|1|0
3882|PP.CROM|S|1|0
3883|NATASHA|S|1|0
3884|PILARES COMPAÑIA ALIMENTICIA|S|1|0
3885|LHERITIER FIESTAS|S|1|0
3886|LABORATORIO COSMOS|S|1|0
3888|MISTICA|S|1|0
3889|DULCERES|S|1|0
3890|WALKER|S|1|0
3891|DECORACIONES INTEGRA|S|1|0
3892|PETERS HNOS.|S|1|0
3893|ATONDRUGS SRL|S|1|0
3894|ESTABLECIMIENTO BAUDRON SA|S|1|0
3895|LE CREME|S|1|0
3896|BURAKO|S|1|0
3897|PLUSGOURMET|S|1|0
3898|GUAU|S|1|0
3899|VAUQUITA|S|1|0
3900|NEGO|S|1|0
3901|RAYOVAC|S|1|0
3902|LUIS MARCOTEGUI|S|1|0
3903|ACCE.PROVEE. VARIOS|S|1|0
3904|SUR ENTRERRIANO S.R.|S|1|0
3905|FRAU|S|1|0
3906|ROMERO ATILIO,MARTIN|S|1|0
3907|DISTRIBUIDORA M.A.M.|S|1|0
3908|OBJETOS LUMINOSOS|S|1|0
3909|GALAPAGOS|S|1|0
3910|EL SOL COSMETICA |S|1|0
3911|LA CELI|S|1|0
3912|LA SALTEÑA|S|1|0
3913|CARICIAS|S|1|0
3914|MOLANES S.A.|S|1|0
3915|KROVA|S|1|0
3916|TEMPLECO |S|1|0
3917|VELAS LUJAN|S|1|0
3918|PANIF. BELGRANO|S|1|0
3919|FULL CAR|S|1|0
3920|ANDIAMO|S|1|0
3921|ALGRAM|S|1|0
3922|PRIMERA SELECCION  |S|1|0
3923|MI ARMARIO|S|1|0
3924|PATAGONIA GRAINS|S|1|0
3925|RANDOMCORP S.A.|S|1|0
3926|CAPOBIANCO S.R.L.|S|1|0
3927|CERAS JHONSONS|S|1|0
3928|ROSAFE|S|1|0
3929|PRODUCTOS LAR|S|1|0
3930|EL URUGUAYENSE|S|1|0
3931|JPH DISTRIBUCIONES|S|1|0
3932|DULLYLL S.A.|S|1|0
3933|JETTRO S.A.|S|1|0
3934|BODEGA A.I.BALBO S.A|S|1|0
3935|ANGELITA|S|1|0
3936|DUPONT|S|1|0
3937|BODEGA VIÑAS ALTURA|S|1|0
3938|ANGEL P.MALVICINO|S|1|0
3939|FAHY VENT S.R.L.|S|1|0
3940|VALIDO S.A.|S|1|0
3941|GRIMALDI|S|1|0
3942|SANCOR YOGHURT|S|1|0
3943|LORD CHESELINE|S|1|0
3944|SMIRNOFF|S|1|0
3945|LICORES NORDESTE|S|1|0
3946|MANDISOVI|S|1|0
3947|GRANJA TRES ARROYOS|S|1|0
3948|BARBIERO|S|1|0
3949|TEXTIL ROMERO|S|1|0
3950|SWEET BABY|S|1|0
3951|CORDEIRO Y CIA. SRL|S|1|0
3952|EXFA DISTRIBUCIONES|S|1|0
3953|NOGAL DORADO|S|1|0
3954|BIANCHI|S|1|0
3955|DON VALENTIN|S|1|0
3956|MAURI|S|1|0
3957|LACTEOS TONUTTI HNOS|S|1|0
3958|FANTOCHE|S|1|0
3959|TANY-TE|S|1|0
3960|SOLO MIEL IKERT|S|1|0
3961|ARCOR FIESTAS|S|1|0
3962|FRUTOS DEL SUL SRL|S|1|0
3963|BODEGA CHANDON|S|1|0
3964|LABORATORIO RISU|S|1|0
3965|SOLVENCIA S.A.|S|1|0
3966|CHIPAY|S|1|0
3967|PEPSICO SNACKS|S|1|0
3968|CERAL|S|1|0
3969|MAS NUTRICION SA|S|1|0
3970|SANTA BARBARA S.A.|S|1|0
3971|ALGABO PERFUMERIA|S|1|0
3972|BODEGA TOTALS|S|1|0
3973|IRU|S|1|0
3974|ALIMENTOS VIMAG SRL|S|1|0
3975|PICO DE ORO|S|1|0
3976|TIRANTI|S|1|0
3977|PROYECTO SANTA FE|S|1|0
3978|NUTRISIMA|S|1|0
3979|NOVA DONNA|S|1|0
3980|INDULAC|S|1|0
3981|PROMARC S.A.|S|1|0
3982|MASSARINI|S|1|0
3983|COOP. CAÑADA ROSQUIN|S|1|0
3984|GLOBAL FARM S.A.|S|1|0
3985|INSUGA S.A.|S|1|0
3986|ABETO|S|1|0
3987|LA SERENISIMA|S|1|0
3988|EJEMPLAR S.A.|S|1|0
3989|BODEGA DON BOSCO|S|1|0
3990|MONACAL|S|1|0
3991|ESPECIAS LAR|S|1|0
3992|YAMIHUEL|S|1|0
3993|TRES PATITOS|S|1|0
3994|PLATITELAS|S|1|0
3995|PAPELERA YAPUR|S|1|0
3996|HOLZHEIER ALCIDES|S|1|0
3997|LA PORTEÑA|S|1|0
3998|GAONA|S|1|0
3999|IMPACTTO|S|1|0
4000|MIG|S|2|0
4001|LENOVO|S|2|0
4002|EPSA|S|2|0
4003|MEGAMETAL|S|2|0
4004|MERKOFILM|S|2|0
4005|HOLCIM|S|2|0
4006|PILETIN|S|2|0
4007|PHILCO HERRAMIENTAS|S|2|0
4008|OLMO|S|2|0
4009|MORETTI|S|2|0
4010|TG PLAST|S|2|0
4011|MOULINEX|S|2|0
4012|LIMANSKY|S|2|0
4013|ZURSCHMITTEN AMOBLAMIENTOS|S|2|0
4014|PLASTICOS CABRERA|S|2|0
4015|ZANELLA REPUESTOS|S|2|0
4016|FABRIL MADERERA|S|2|0
4017|DEPER S.A.|S|2|0
4018|MEYCO|S|2|0
4019|ITT|S|2|0
4020|ZANELLA MOTOS|S|2|0
4021|AVELINO|S|2|0
4022|ETERCOR|S|2|0
4023|KARTONSEC|S|2|0
4024|KLINGSPOR ARGENTINA|S|2|0
4025|CINTOPLOM|S|2|0
4026|SOLCITO|S|2|0
4027|COOP|S|2|0
4028|TRIANGULAR S.A.|S|2|0
4029|UNIBIKE|S|2|0
4030|SECCOPLAC|S|2|0
4031|MAXTREND|S|2|0
4032|LOGITECH|S|2|0
4033|POETIA SRL|S|2|0
4034|LUMALUM|S|2|0
4035|ELIBET|S|2|0
4036|PC ARTS|S|2|0
4037|TEXTIL MORON|S|2|0
4038|DIBRA|S|2|0
4039|HYUNDAI ELECTRONICA|S|2|0
4040|NOVA VANITORYS|S|2|0
4041|MOTOROLA|S|2|0
4042|TORNILLO ALVEAR SRL|S|2|0
4043|TRAMONTINA|S|2|0
4044|BAYA CASAL|S|2|0
4045|JELUZ VERONA|S|2|0
4046|GAN MAR|S|2|0
4047|FELCRAFT|S|2|0
4048|SOLEI|S|2|0
4049|BUENAYRE|S|2|0
4050|DREMEL|S|2|0
4051|EASY TRADE SRL|S|1|0
4052|MUMMY|S|1|0
4053|SPA REGALOS|S|1|0
4054|PISTACHO|S|1|0
4055|PP.ACEITES|S|1|0
4056|MARTIN PLAST S.A.|S|1|0
4057|BARUK SRL|S|1|0
4058|BIG LOGISTIC SRL|S|1|0
4059|DON NUNI|S|1|0
4060|MILKEY SRL|S|1|0
4061|EFECTO DOMINO SRL|S|1|0
4062|GLENNA INDUMENTARIA DEPORTIVA|S|1|0
4063|AGUAS MISIONERAS |S|1|0
4064|LEPO TOYS|S|1|0
4065|BODEGAS REGIONALES|S|1|0
4066|MERCABA|S|1|0
4067|COOP. ARROYO CABAL|S|1|0
4068|PONDESUR|S|1|0
4069|PANIF.DEL PAZO NOGOYA|S|1|0
4070|MANRIQUE JUAN MANUEL|S|1|0
4071|LACTEOS DON AMALIO|S|1|0
4072|TUTTA LA PASTA HDZ.|S|1|0
4073|PRACTI HOGAR SRL|S|1|0
4074|SIENA|S|1|0
4075|PAPELERA SAMSENG S.A.|S|1|0
4076|PRODUCTOS TNT S.A.|S|1|0
4077|RAMON CHOZAS|S|1|0
4078|ENCANTA SA|S|1|0
4079|GRANITO JULIO DANIEL|S|1|0
4080|FAYDI SA|S|1|0
4081|MASTER BLEND S.A.S.|S|1|0
4082|ALFREDO FUGAS |S|1|0
4083|MAROLIO|S|1|0
4084|GTM|S|1|0
4085|PLASTICOS AZZANO|S|1|0
4086|TXT SRL|S|1|0
4087|TODO FLOR|S|1|0
4088|PROBUSOL S.A.|S|1|0
4089|OVO DESING|S|1|0
4090|PROMOCION BALBO|S|1|0
4091|VAKKO|S|1|0
4092|BZP|S|1|0
4093|NIETOS DE ISAAC MOÑIN|S|1|0
4094|NADIR|S|1|0
4095|SERVIMAX|S|1|0
4096|PULSO PRODUCTOS|S|1|0
4097|MARIA SOL HERMITTE|S|1|0
4098|BODEGA LA IRIDE SRL|S|1|0
4099|ACB SA VIVRE|S|1|0
4100|PANIF.LA NUEVA ESPERANZA|S|1|0
5001|SOIFER HERMANOS|S|1|0
5002|LUMILAGRO|S|1|0
5003|OLMO DI PTRATTO|S|1|0
5004|MEDITERRANEE|S|1|0
5005|MERCATOR|S|1|0
5006|TRAMONTINA|S|1|0
5007|VARIOS|S|1|0
5008|OXFORD|S|1|0
5009|ESCOLAR|S|1|0
5010|GEOPLANT SRL|S|1|0
5011|TRANIST|S|1|0
5012|TEDDY|S|1|0
5013|OPENING S.A.|S|1|0
5014|PLASTICOS ATLANTICO|S|1|0
5015|BISTRO|S|1|0
5016|LOEKEMEYER HNOS.|S|1|0
5017|ILKO|S|1|0
5018|JOSMAR|S|1|0
5019|PANEX|S|1|0
5020|RIGOLLEAU|S|1|0
5021|URCA-CALCULADORA|S|1|0
5022|CINCAM - CAROL|S|1|0
5023|JOVIFEL|S|1|0
5024|PLASVALE|S|1|0
5025|TEKCOR|S|1|0
5026|ALUMINIO LEGUI|S|1|0
5027|ARGOS|S|1|0
5028|NUVA|S|1|0
5029|LAUSANA|S|1|0
5030|DIVAR|S|1|0
5031|DESCARTABLES|S|1|0
5032|C.FACILE|S|1|0
5033|CREAR LICENCIAS|S|1|0
5034|CASA GREBAZ|S|1|0
5035|RUBER|S|1|0
5036|DIST.METRO|S|1|0
5037|NUEVA ROSS|S|1|0
5038|DOÑA CLARA|S|1|0
5039|S|S|1|0
5040|NUEVE LUNAS|S|1|0
5041|BERNI|S|1|0
5042|KAWASAKI|S|1|0
5043|CAROL|S|1|0
5044|CUADRO SCHNEIDER|S|1|0
5045|MATRISUR S.A.|S|1|0
5046|NAVIDAD|S|1|0
5047|PLIP S.H.|S|1|0
5048|FIRENZE S.R.L.|S|1|0
5049|CAZAUX HNOS.|S|1|0
5050|NORCA S.R.L.|S|1|0
5051|CHEF S.R.L.|S|1|0
5052|PORTOBIANCO S.A.|S|1|0
5053|DOBLE AMPOLLA S.R.L.|S|1|0
5054|EL SIGLO S.A.|S|1|0
5055|PERFILPLAST|S|1|0
5056|GUANAMBI S.R.L.|S|1|0
5057|S.V.DISTRIBUCIONES|S|1|0
5058|DISTRIBUIDORA AU-HER|S|1|0
5059|TOPOLA|S|1|0
5060|MATRIPLASTER|S|1|0
5061|CARPINTEROS CRESPO|S|1|0
5062|JUAN GABRIEL PINTOS|S|1|0
5063|IMPO MUNRO S.A.|S|1|0
5064|HUGO BARAVALLE|S|1|0
5065|WALPLO S.R.L.|S|1|0
5066|FUNDACION AR.VIDRIO|S|1|0
5067|JUAN CARLOS PROLA|S|1|0
5068|DANLISH S.A.|S|1|0
5069|VINTAGE|S|1|0
5070|LABORATORIO ARISE BA|S|1|0
5071|OLDCLAN S.A.|S|1|0
5072|DRAIPEN|S|1|0
5073|LANZA|S|1|0
5074|NOVO PORTOBELLO SRL|S|1|0
5075|VERTIGO|S|1|0
5076|TRITEC|S|1|0
5077|INDUSTRIAS ACHA|S|1|0
5078|CASA LEO|S|1|0
5079|EMARA|S|1|0
5080|CIENFUEGOS|S|1|0
5081|PRODUCTO DISEÑO|S|1|0
5082|LUIS ZAPATA|S|1|0
5083|VEMAR S.R.L.|S|1|0
5084|MULPLAST|S|1|0
5085|LAURY|S|1|0
5086|MALEVO|S|1|0
5087|MAR-PLAST S.A.|S|1|0
5088|CASA MARGOSSIAN S.A.|S|1|0
5089|SPS|S|1|0
5090|HERALDPLAST|S|1|0
5091|FEMAR|S|1|0
5092|PLUS PACK|S|1|0
5093|INVERSIONES PAMA|S|1|0
5094|DILIT BAZAR|S|1|0
5095|EL REY DEL SAHUMERIO|S|1|0
5096|NORTHLAND|S|1|0
5097|EL MAGO|S|1|0
5098|CALADOS Y ENCASTRES|S|1|0
5099|INDUS.PLEXI SRL|S|1|0
5100|YUSE|S|1|0
5101|DULZURA|S|1|0
5102|IMPORTADORA TOMMY|S|1|0
5103|TALLER DE ARTESANIAS|S|1|0
5104|PLANETA ELEVEN|S|1|0
5105|MARROQ.UVA COMPANY|S|1|0
5106|ASIS TRADING|S|1|0
5107|HOPTIMO|S|1|0
5108|CAFER LITORAL SRL|S|1|0
5109|PEREL|S|1|0
5110|P.BERTISCH|S|1|0
5111|BM IMPORT|S|1|0
5112|MARIA LUJAN SRL|S|1|0
5113|CAMPAGNOLA LUIS ANGEL|S|1|0
5114|LIBRERIA DEL ATENEO|S|1|0
5115|RAIZER|S|1|0
5116|ELECTRODOMESTICOS|S|1|0
5117|EL TREBOL|S|1|0
5118|CREACIONES GUS|S|1|0
5119|SARANDI|S|1|0
5120|E COMERCE PESABLES|S|1|0
5121|GAUMEN|S|1|0
5122|GUILLERMO BENVENUTO|S|1|0
5123|GLORIA|S|1|0
5124|GUADIX|S|1|0
5125|GUIDO|S|1|0
5126|ARADHANA S.A.|S|1|0
5127|PRADOLINI JUAN ENRIQ|S|1|0
5128|INDUSTRIAS LOFT S.A.|S|1|0
5129|INOXIDABLES ITATI|S|1|0
5130|GLAN-MOR S.A.|S|1|0
5131|DISPITA|S|1|0
5132|MORIALDO H.|S|1|0
5133|IMPORT WATCHES|S|1|0
5134|CRISTALERIA SAN CARL|S|1|0
5135|REGALOS KINOR S.A.|S|1|0
5136|LA SUREÑA S.A.|S|1|0
5137|ZAIRE REGALOS SRL|S|1|0
5138|UTILIDADES DOMESTICA|S|1|0
5139|TRANSHEYDE|S|1|0
5140|LIONELS SRL|S|1|0
5141|INTEK|S|1|0
5142|CUATRO V S.A.|S|1|0
5143|LA OCHAVA|S|1|0
5144|D ANDREA GASTON EMANUEL|S|1|0
5145|GOL-VAR DISTR.BAZAR|S|1|0
5146|GOLD SOFT S.A.|S|1|0
5147|LIBRERIA JUGUE.TODO|S|1|0
5148|PEPE PIRRO|S|1|0
5149|CINDIRELLA|S|1|0
5150|ESENCIA NATAL|S|1|0
5151|GRUPO ARTE URBANO SA|S|1|0
5152|DULCES ARGENTINOS|S|1|0
5153|D.D.F. SRL FRAGANCIA|S|1|0
5154|GENTE DE LA PAMPA SA|S|1|0
5155|BELLO EXPORT|S|1|0
5156|ALMAZEN IMPORT SRL|S|1|0
5157|DIB S.A.|S|1|0
5158|NUSA-DUA S.A.|S|1|0
5159|JACTANS|S|1|0
5160|COPAP|S|1|0
5161|NORTE DISTRIBUCIONES|S|1|0
5162|VELAS DE LOS MILAGRO|S|1|0
5163|EL MAYORISTA|S|1|0
5164|EL REGALO S.R.L.|S|1|0
5165|MACHINAL PLASTICA SR|S|1|0
5166|ARAK  MADU S.R.L.|S|1|0
5167|LIGUEN  ILUMINACION |S|1|0
5168|ARPRAC|S|1|0
5169|LOS MIMBREROS |S|1|0
5170|J.B. BIS-DEL S.A.|S|1|0
5171|PATAGONIA GOURMET S.|S|1|0
5172|COOP. DE ARTESANOS D|S|1|0
5173|ARAMINDA|S|1|0
5174|C.B. ARTESANIAS|S|1|0
5175|LULE ROTE|S|1|0
5176|JOCKEY S.R.L|S|1|0
5177|CROM |S|1|0
5178|LA BUENA MADERA|S|1|0
5179|EL ZORZAL CRIOLLO|S|1|0
5180|MANFREY|S|1|0
5181|GENERAL CEREALS|S|1|0
5182|BODEGA VALLE ATUEL|S|1|0
5183|SERVIO S.A.|S|1|0
5184|POLONI MILANESAS|S|1|0
5185|LOS MONTES|S|1|0
5186|PLASENCIA HNOS S.A.|S|1|0
5187|SANESA|S|1|0
5188|LUNA PLAST|S|1|0
5189|PINKSTONE SRL|S|1|0
5190|IMP.SUDAMERICANA S.R|S|1|0
5191|MAZARA HNOS. S.A.|S|1|0
5192|HARMONY ARG.SRL|S|1|0
5193|LACASA|S|1|0
5194|LIBRERIA LAPILOCO|S|1|0
5195|SODA DANIEL|S|1|0
5196|SEGRAIN|S|1|0
5197|LORENA HUCK INGLES|S|1|0
5198|ASATO SRL|S|1|0
5199|GABRIEL BARRENECHE S|S|1|0
5200|BIEMME ARGENTINA SA|S|1|0
5201|RIQUITO / LA GRIFA|S|1|0
5202|URSELLA|S|1|0
5203|EXTRA FOULARD|S|1|0
5204|HOMETEX S.A.|S|1|0
5205|BORDINO PABLO|S|1|0
5206|DOLCE VITA HOUSE|S|1|0
5207|BOGOTA FUTBOL|S|1|0
5208|EUROKITCHEN|S|1|0
5209|DISTRIBUIDORA MEDITE|S|1|0
5210|BODEGA GOYENECHEA|S|1|0
5211|CARIMEL S.A.|S|1|0
5212|HOJALMAR|S|1|0
5213|ARAUJO SRL|S|1|0
5214|KEVINGSTON|S|1|0
5215|CRISTAL MARTINI|S|1|0
5216|CANTATA|S|1|0
5217|TIARA|S|1|0
5218|GENOMA|S|1|0
5219|RUDAN S.A.|S|1|0
5220|JORGE RUSCHANSKY|S|1|0
5221|SENTITE GUAPA|S|1|0
5222|MATRICERIA JL|S|1|0
5223|FOR YOU S.H.|S|1|0
5224|FASHION COOK S.A.|S|1|0
5225|ARIEL FRADUSCO|S|1|0
5226|ATLANTIKAYAKS|S|1|0
5227|LIMA LIMON SRL|S|1|0
5228|NATIA|S|1|0
5229|CRYSTAL ROCK S.A.|S|1|0
5230|BARON RAUL|S|1|0
5231|KCA|S|1|0
5232|COSMETICA BOR BON SA|S|1|0
5233|MARCELO CUETO S.A.|S|1|0
5234|LABORATORIO ESME SAI|S|1|0
5235|VARIOS|S|1|0
5236|FUN 2 S.A.|S|1|0
5237|PR.VARIOS|S|1|0
5238|VILLA D AGRI|S|1|0
5239|BODEGA FAMILIA SUCCA|S|1|0
5240|ALACOR S.A.|S|1|0
5241|TRIO|S|1|0
5242|LABORATORIOS PRETTY |S|1|0
5243|LA SAMPEDRINA|S|1|0
5244|FIDEOS DEL SUR|S|1|0
5245|J&H DISTRIBUCIONES |S|1|0
5246|RONCHINI PETACAS|S|1|0
5247|IDEAS RODECA SRL|S|1|0
5248|MILTOALLAS|S|1|0
5249|CAMABESA S.A.|S|1|0
5250|BODEGA FLORIO|S|1|0
5251|FRIZZE|S|1|0
5252|MALMO|S|1|0
5253|GLADER S.A.|S|1|0
5254|CRISTINA MITRIANI|S|1|0
5255|MIT|S|1|0
5256|MODERN PLASTIC|S|1|0
5257|MP|S|1|0
5258|MUNDIAL|S|1|0
5259|MULTISCOPE|S|1|0
5260|MYRIAM BECKER|S|1|0
5261|MILVEINTIOCHO|S|1|0
5262|BODEGA SAN HUBERTO|S|1|0
5263|MITOR|S|1|0
5264|MO\IN|S|1|0
5265|MULTITAP|S|1|0
5266|MASCARDI|S|1|0
5267|MEXICANO|S|1|0
5268|MAGISTERIO|S|1|0
5269|KLIN S.A.|S|1|0
5270|NENE|S|1|0
5271|NOTABIL|S|1|0
5272|NUEVE DE JULIO|S|1|0
5273|NUVA|S|1|0
5274|BODEGA SEPTIMA|S|1|0
5275|NBCG CRISTAL|S|1|0
5276|COOP.OBRERA BAHIA BL|S|1|0
5277|MIDEKO|S|1|0
5278|WESTCOVINA S.A|S|1|0
5279|YOO SUNG|S|1|0
5280|CLASS COLLECTION|S|1|0
5281|MORAVIA CRISTAL|S|1|0
5282|THEMIS S.R.L.|S|1|0
5283|SIGNOS|S|1|0
5284|M & M IMPORT SRL|S|1|0
5285|JAVIER WAJNCYMER|S|1|0
5286|FEIT Y OLIVARI S.A.|S|1|0
5287|D SAZA|S|1|0
5288|BARCELONA|S|1|0
5289|VALERIA BOKUN|S|1|0
5290|OTA|S|1|0
5291|OTHELLO|S|1|0
5292|OCAMPO SANZ|S|1|0
5293|ORFEO|S|1|0
5294|COSAS & COMPLEMENTO|S|1|0
5295|CONCEPTO VISUAL|S|1|0
5296|DESING PLUS|S|1|0
5297|ELMET S.A.|S|1|0
5298|SUEÑO FUEGUINO S.A.|S|1|0
5299|HERNAN DAVID TUCHEL|S|1|0
5300|GRAND IMPORT S.A.|S|1|0
5301|LATIFA DISTRIBUIDORA|S|1|0
5302|IMPORTADORA SUDAMERI|S|1|0
5303|LA BAMBA|S|1|0
5304|DEPORTIVO IMPACTTO|S|1|0
5305|BABASAL|S|1|0
5306|RAFAEL GALLEGO SRL|S|1|0
5307|PAPELERA ROSATO S.A.|S|1|0
5308|MARLOMS S.R.L.|S|1|0
5309|MICROBOX|S|1|0
5310|PALMA|S|1|0
5311|PAPER MATE|S|1|0
5312|PARA MI|S|1|0
5313|PARPEN|S|1|0
5314|PARKER|S|1|0
5315|PEGOL|S|1|0
5316|PELIKAN|S|1|0
5317|PETRUS|S|1|0
5318|PINOS|S|1|0
5319|PIZZINI|S|1|0
5320|PLASTI DIVAR|S|1|0
5321|PLASTILOZA|S|1|0
5322|PLASTI.ARENALES|S|1|0
5323|PRODUCC.RUIBAL|S|1|0
5324|PYREX|S|1|0
5325|PATRY|S|1|0
5326|PRADO|S|1|0
5327|PAMBRA|S|1|0
5328|PARPEN|S|1|0
5329|PARODI|S|1|0
5330|POZKANI|S|1|0
5331|PUNZO|S|1|0
5332|HIJOS DE CIRIACO GRE|S|1|0
5333|COMPANIA DE PAPELES|S|1|0
5334|EL PORTAL DE SEGUI|S|1|0
5335|PELTRINA|S|1|0
5336|PASO 230|S|1|0
5337|DICROM S.A.|S|1|0
5338|TOMLUC|S|1|0
5339|MINE JEANS|S|1|0
5340|REPOST.CASEROS|S|1|0
5341|RIBONETTE|S|1|0
5342|SAN PEDRO ALIMENTOS|S|1|0
5343|RIEL AMERICANO|S|1|0
5344|RIVADAVIA|S|1|0
5345|RONDI|S|1|0
5346|ROTRING|S|1|0
5347|RULLERITA|S|1|0
5348|ROCKET|S|1|0
5349|FIONA|S|1|0
5350|TIENDA VARIOS|S|1|0
5351|BAZAR VARIOS|S|1|0
5352|RAYITO DE SOL|S|1|0
5353|URKO|S|1|0
5354|SELLY|S|1|0
5355|LA FETE|S|1|0
5356|COOP.TRABAJAR|S|1|0
5357|SO CHIC|S|1|0
5358|PROMORED|S|1|0
5359|CHUICK|S|1|0
5360|SAN MARINO|S|1|0
5361|SANTA CLAUS|S|1|0
5362|SANZ|S|1|0
5363|SOBERANIA|S|1|0
5364|SMUTT|S|1|0
5365|STIKO|S|1|0
5366|SYLVAPEN|S|1|0
5367|SUSSEX|S|1|0
5368|SOPENA|S|1|0
5369|SILJOR|S|1|0
5370|SEGUR|S|1|0
5371|SANDRO|S|1|0
5372|STURM|S|1|0
5373|SILCO|S|1|0
5374|STEFAN|S|1|0
5375|BARTOLOME SARTOR E H|S|1|0
5376|LA ENTRERRIANA MATES|S|1|0
5377|COOP.CRISTAL AVELLAN|S|1|0
5378|REGIONALES EL GAUCHO|S|1|0
5379|GRACIELA S.R.L.|S|1|0
5380|TAPACO|S|1|0
5382|FEDERICO A. MIRAVETE|S|1|0
5383|TRESCIENTOS TRE|S|1|0
5384|TRISOL|S|1|0
5385|TSUJI|S|1|0
5386|TAPEMATIC|S|1|0
5387|TERMA|S|1|0
5388|TOPSI|S|1|0
5389|CASA ABE S.A.|S|1|0
5390|GOODS CORP S.A.|S|1|0
5391|TEXSAP S.R.L.|S|1|0
5392|MATUTE|S|1|0
5393|URBANDOLL|S|1|0
5394|LANTERMO|S|1|0
5395|TOP GOL|S|1|0
5396|DAJEN S.A.|S|1|0
5397|MELINA BALL|S|1|0
5398|SQUADRA|S|1|0
5399|EL PAISANITO |S|1|0
5400|UTINOX|S|1|0
5401|HUGS|S|1|0
5402|MOOVE S.R.L.|S|1|0
5403|PROV.VARIOS BAZAR|S|1|0
5404|MISS BLING|S|1|0
5405|DISEÑO GASTRONOMICO|S|1|0
5406|TOREANDCO S.R.L.|S|1|0
5407|SIENA S.A.|S|1|0
5408|JYG KIDS SRL|S|1|0
5409|MARIO RUBEN CAVAGLIA|S|1|0
5410|SAN TORO|S|1|0
5411|BANKERS S.A.|S|1|0
5412|K78 CHEMICAL|S|1|0
5413|PANIF.EL PROGRE.HDEZ|S|1|0
5414|CRISTAL HOM SRL|S|1|0
5415|COLOURS S.A.|S|1|0
5416|ELENA SINNER|S|1|0
5417|ZARIITA|S|1|0
5418|DOGMA|S|1|0
5419|LA NOVA PASTA|S|1|0
5420|VERBANO|S|1|0
5421|VICTORIA|S|1|0
5422|VINCHER|S|1|0
5423|VOLIGOMA|S|1|0
5424|VARIOS|S|1|0
5425|VARTI|S|1|0
5426|VULCANITA|S|1|0
5427|VIDARTE|S|1|0
5428|VOX TRONIC|S|1|0
5429|VARIOS|S|1|0
5430|TOYS PALACE|S|1|0
5431|MOKA|S|1|0
5432|EL MUNDO DEL BAZAR|S|1|0
5433|DAYSAL S.R.L.|S|1|0
5434|SANTORO FRANCISCO JO|S|1|0
5435|SHANTI|S|1|0
5436|BORNER|S|1|0
5437|TOPSHOP|S|1|0
5438|BARAK IMPORTACIONES SA|S|1|0
5439|LE NAIF|S|1|0
5440|BAVOSI S.A.|S|1|0
5441|WINKLER|S|1|0
5442|NUEVO MILENIO|S|1|0
5443|MORA|S|1|0
5444|MINIMADEMALIS S.R.L.|S|1|0
5445|ROMULO RUFFINI|S|1|0
5446|PATAGONIA CANDLES S.R.L.|S|1|0
5447|ZALAZAR STELLA MARIS|S|1|0
5448|ARTECASA|S|1|0
5449|FITOFARM|S|1|0
5450|GARCITAS S.A.|S|1|0
5451|GESE SRL|S|1|0
5452|SELEMA |S|1|0
5453|GIRARDOT|S|1|0
5454|NATUEL S.R.L.|S|1|0
5455|REGIONALES MATIAS|S|1|0
5456|KAPOBEL |S|1|0
5457|HOGAR N.AMANECER|S|1|0
5458|RAQUEL PELZER|S|1|0
5459|MICROBELL S.A.|S|1|0
5460|AZAFOX S.R.L.|S|1|0
5461|STASSDECO S.A.|S|1|0
5462|CARA O CRUZ|S|1|0
5463|MOZART TOYS SRL|S|1|0
5464|COSMOPOLITAN|S|1|0
5465|CELIDARINA PRAGA SRL|S|1|0
5466|STRIVEN JEAN|S|1|0
5467|ELVICA GALEANO|S|1|0
5468|"7 IDEAS SRL"|S|1|0
5469|ACRIMAT|S|1|0
5470|BLESSE|S|1|0
5471|COBRA|S|1|0
5472|YURITI SA|S|1|0
5473|DIPROMAS |S|1|0
5474|FUNDACION LA HENDIJA|S|1|0
5475|IDI MAQUILLAJES|S|1|0
5476|THEFOLDERS S.A.|S|1|0
5477|RICARDO JORGE KEMERER|S|1|0
5478|PERICANT S.A.|S|1|0
5479|ELECTROMAR SRL|S|1|0
5480|ASOCIACION ALBORADA|S|1|0
5481|MARIA LORENA ANCARES|S|1|0
5482|MONA LIZA|S|1|0
5483|DEPORTES ONCE|S|1|0
5484|BEBITOS SRL|S|1|0
5485|ARTESANIAS DELTA|S|1|0
5486|BIC ARGENTINA S.A.|S|1|0
5487|ABRIL MORENA|S|1|0
5488|ARKEDECO S.A.|S|1|0
5489|MISSION|S|1|0
5490|REJO|S|1|0
5491|PATRICIA C. REBELLES|S|1|0
5492|BRASCO|S|1|0
5493|UNIVERSAL EXPORTS|S|1|0
5494|KELLY|S|1|0
5495|NASTAR|S|1|0
5496|LUMINARES|S|1|0
5497|CASA FLORIAN|S|1|0
5498|VINOS 100 AÑOS|S|1|0
5499|ENERHAUS LITORAL SRL|S|1|0
5500|COOP.AGRI.LTDA.OBERA|S|1|0
5520|LABORATORIOS ARRAYAN|S|1|0
5701|GRACIELA INES GEUNA|S|1|0
5800|FORMATO S.A.|S|1|0
5860|PROINSAL|S|1|0
5870|DULCES DEL PLATA S.A|S|1|0
5988|MOLINO MAIZ PRIETO|S|1|0
6001|LA SANTAFESINA|S|1|0
6002|EMBRIDENCE|S|1|0
6003|BLUE GOLD|S|1|0
6004|AXEN SRL|S|1|0
6005|SABANAS LEVITEX|S|1|0
6006|JAI-TEX S.R.L.|S|1|0
6007|CREACIONES LUPO|S|1|0
6008|DEVILLE|S|1|0
6009|CUARTO CRECIENTE|S|1|0
6010|LLAMITA|S|1|0
6011|LA PAZ - CHULENGUITO|S|1|0
6012|VARIOS TIENDA|S|1|0
6013|TAO SRL|S|1|0
6014|STURLA SEMILLAS|S|1|0
6015|TWINGS|S|1|0
6016|MUNDO FELIZ|S|1|0
6017|PIJAMAS MAXIME|S|1|0
6018|TEXTIL FEDERAL S.A.|S|1|0
6019|ANGODYL|S|1|0
6020|ANGO.CONSIG.|S|1|0
6021|TUFIC NADER|S|1|0
6022|BERENICE|S|1|0
6023|ROLFY|S|1|0
6024|PEYRE S.R.L.|S|1|0
6025|CASA TONY|S|1|0
6026|MISHA TEXTIL S.A.|S|1|0
6027|MOSENSON HUGO MARIO|S|1|0
6028|PARADA 21|S|1|0
6029|DIST. RECKOIMPORT S.A.|S|1|0
6030|PRENDA DE CORSETERIA|S|1|0
6031|CITIBLANC|S|1|0
6032|NINO CANALI|S|1|0
6033|MARTEX S.R.L.|S|1|0
6034|MANPLAST|S|1|0
6035|KUM ZA TAP|S|1|0
6036|LISOLTEX|S|1|0
6037|MYTH S.R.L.|S|1|0
6038|FATARSA|S|1|0
6039|FAHER|S|1|0
6040|GRAP|S|1|0
6041|MARGOSSIAN TIENDA|S|1|0
6042|TIEMPO LIBRE S.R.L.|S|1|0
6043|EREVAN|S|1|0
6044|JORGE ABUD|S|1|0
6045|INDUSAR S.R.L.|S|1|0
6046|MERID-TRADE S.R.L.|S|1|0
6047|ANKAH SRL|S|1|0
6048|ESE - GE|S|1|0
6049|OMAR F. GONZALEZ|S|1|0
6050|JULIO R. SAVIO|S|1|0
6051|TEXTIL WIND|S|1|0
6052|CREACIONES NICKITA|S|1|0
6053|SEPIA|S|1|0
6054|PLATEA|S|1|0
6055|LIMA LIMON SRL|S|1|0
6056|SUN FLOWER|S|1|0
6057|DEANGEROUS|S|1|0
6058|PISCO|S|1|0
6059|INVIU|S|1|0
6060|QUIMICO|S|1|0
6061|MODA ECLIX|S|1|0
6062|POMINA|S|1|0
6063|M 51.|S|1|0
6064|NARE|S|1|0
6065|NAHANA|S|1|0
6066|GUSTAMAS|S|1|0
6067|PAUL CARTY|S|1|0
6068|PILCHITAS|S|1|0
6069|LASER|S|1|0
6070|CAREY|S|1|0
6071|NANDA|S|1|0
6072|JALINE SRL|S|1|0
6073|SHIN MYUNG SOOK|S|1|0
6074|SCOMBRO|S|1|0
6075|SUDAMERICANA TEXTIL|S|1|0
6076|LOLA BOMBON|S|1|0
6077|MARMICOC |S|1|0
6078|VICKY|S|1|0
6079|IONMAR SRL|S|1|0
6080|NUBIRA|S|1|0
6081|PENNY|S|1|0
6082|ROBERT LEWIS|S|1|0
6083|MISONY SRL|S|1|0
6084|LEITON|S|1|0
6085|KIARA|S|1|0
6086|MAY B|S|1|0
6087|TALABARTERO HERBEL|S|1|0
6088|JACKSON|S|1|0
6089|THE MAKER|S|1|0
6090|MODAS OR|S|1|0
6091|PKDOS|S|1|0
6092|WOPS|S|1|0
6093|MANIERE BY PCSS|S|1|0
6094|NUEVO EMPORIO SRL|S|1|0
6095|BOMBERS|S|1|0
6096|GRUPPO 7 S.A.|S|1|0
6097|CADENA|S|1|0
6098|CABEZANEGRA|S|1|0
6099|CHARYCO|S|1|0
6100|CALUVI|S|1|0
6101|GUT-STOFF|S|1|0
6102|X - TERRA|S|1|0
6103|NEW COUNTRY LIFE SRL|S|1|0
6104|F.G. ARTESANIAS|S|1|0
6105|ZETA|S|1|0
6106|COSSPORT|S|1|0
6107|DANQUE|S|1|0
6108|GRAUX S.A.|S|1|0
6109|JUNO|S|1|0
6110|SENSATION|S|1|0
6111|COCOMIEL|S|1|0
6112|FLORES TEXTIL|S|1|0
6113|CTSUR SRL|S|1|0
6114|MONAMI BY NANDA|S|1|0
6115|VEGH ARMANDO|S|1|0
6116|GUAU|S|1|0
6117|HENA|S|1|0
6118|TINIBAY|S|1|0
6119|DIMPLE BY E-LAND|S|1|0
6120|HILLARY SRL|S|1|0
6121|L'ALTRA MODA|S|1|0
6122|KRANTI SRL|S|1|0
6123|VERLINI FRANCISCA|S|1|0
6124|TMPS SRL|S|1|0
6125|DIGNOS|S|1|0
6126|DEVILLE|S|1|0
6127|DRIMA|S|1|0
6128|DOBLER|S|1|0
6129|DRAGONCITOS|S|1|0
6130|DMC|S|1|0
6131|OKLAHOMA|S|1|0
6132|ST.KILDA|S|1|0
6133|INVIU|S|1|0
6134|MAGANDA SRL|S|1|0
6135|HILO DE SEDA SRL|S|1|0
6136|TEXTIL MEARI|S|1|0
6137|TIBIDABO|S|1|0
6138|IMMIX|S|1|0
6139|TODOMEDIAS|S|1|0
6140|SITIO|S|1|0
6141|ZKM|S|1|0
6142|MADOFOX S.A.|S|1|0
6143|ATSUI S.A.|S|1|0
6144|CESAR JOSE VENTURINI|S|1|0
6145|LICENCIAS|S|1|0
6146|AVIA SOCKS|S|1|0
6147|CASA SACCHI|S|1|0
6148|TRUNKKO S.R.L.|S|1|0
6149|ELERCE|S|1|0
6150|TABKA|S|1|0
6151|MULTIONCE|S|1|0
6152|LATIGO|S|1|0
6153|GEORGALOS FIESTAS|S|1|0
6154|EYELIT|S|1|0
6155|MACATA S.A.|S|1|0
6156|PERDOMO|S|1|0
6157|NEW ROCK SRL|S|1|0
6158|CRISTAL|S|1|0
6159|SUERY CONFECCIONES|S|1|0
6160|GARCIA REGUEIRA SRL|S|1|0
6161|BODEGA TOSO|S|1|0
6162|TEMATEX|S|1|0
6163|RAFF 5|S|1|0
6164|ROMITEX|S|1|0
6165|SAONA|S|1|0
6166|TRICOT ALICIA|S|1|0
6167|SWITCH|S|1|0
6168|PASO 345 SRL|S|1|0
6169|AIKA|S|1|0
6170|LAPIN|S|1|0
6171|HALLAK, ALBERTO|S|1|0
6172|LA REGALERIA|S|1|0
6173|PARRISAL|S|1|0
6174|PRODEA|S|1|0
6175|FRISCO|S|1|0
6176|FIORELLINI|S|1|0
6177|OASIS|S|1|0
6178|ETHOS|S|1|0
6179|MAURO SERGIO|S|1|0
6180|PV S.A. MORA|S|1|0
6181|PREMIER|S|1|0
6182|SONDER|S|1|0
6183|ANA GRANT|S|1|0
6184|DECORMANIA|S|1|0
6185|GEISHA|S|1|0
6186|MISS POP|S|1|0
6187|ECLIX|S|1|0
6188|HONG OK CHUN|S|1|0
6189|DECORMESA|S|1|0
6190|TERESA|S|1|0
6191|GRAFA|S|1|0
6192|KA - ZOO|S|1|0
6193|MARYMAR|S|1|0
6194|GINO PIERI|S|1|0
6195|LATINA|S|1|0
6196|TIPI COSI|S|1|0
6197|TA BONG NEWS|S|1|0
6198|PERCEPCION|S|1|0
6199|OCRE|S|1|0
6200|MISZIFUZ S.A.|S|1|0
6201|ICE CREAM|S|1|0
6202|PATCHY SRL|S|1|0
6203|DASA DE DAMIAN|S|1|0
6204|MODAS SUNNY|S|1|0
6205|MIMISS|S|1|0
6206|COMPANIA DE TERRA|S|1|0
6207|LE LIS S.A.|S|1|0
6208|BENYA|S|1|0
6209|CIUDADELA|S|1|0
6210|DISTRIBUIDORA BASO|S|1|0
6211|HETESIA|S|1|0
6212|HUNTERS|S|1|0
6213|HASUMA|S|1|0
6214|EL BILLETE|S|1|0
6215|KREMIA & GRIMIA|S|1|0
6216|RED MANGO|S|1|0
6217|LONG FACTORY|S|1|0
6218|THREE|S|1|0
6219|MADAVA|S|1|0
6220|COCO S|S|1|0
6221|GENTE JOVEN|S|1|0
6222|GRINARE SA|S|1|0
6223|STANIA S.A.|S|1|0
6224|MODAS ONDA|S|1|0
6225|IMPACTO|S|1|0
6226|SHA SHA|S|1|0
6227|CLADESTINE|S|1|0
6228|CLO CLO|S|1|0
6229|UNC SRL|S|1|0
6230|INTENSE S.A.|S|1|0
6231|DASIL SRL|S|1|0
6232|STURCHIO HNOS.|S|1|0
6233|AMALSI |S|1|0
6234|CA-SA-LU|S|1|0
6235|CLOVER|S|1|0
6236|MACANAS|S|1|0
6237|R.Y.C.|S|1|0
6238|DEPO - KIDS|S|1|0
6239|CAFE WHITE|S|1|0
6240|DIOXIDO|S|1|0
6241|FLYNCKY|S|1|0
6242|VIVAYOU|S|1|0
6243|MIN-G|S|1|0
6244|SKY RANGER|S|1|0
6245|MAMBO|S|1|0
6246|"1988 SRL"|S|1|0
6247|CACHE|S|1|0
6248|TEXTIL RIO|S|1|0
6249|CABRUMAR S.R.L.|S|1|0
6250|HIJO DE MIGUEL ABDAL|S|1|0
6251|FRANCIS|S|1|0
6252|WUNDER PHARM SRL|S|1|0
6253|CASABLANCA|S|1|0
6254|VY-VAI S.R.L.|S|1|0
6255|YOSY|S|1|0
6256|GOA|S|1|0
6257|DIENNAR S.A.|S|1|0
6258|WINK|S|1|0
6259|SUZANNE.L|S|1|0
6260|CACHITA DECO|S|1|0
6261|YOARA|S|1|0
6262|TEXTIL ARGERICH|S|1|0
6263|RUSSO ROMAN RAMIRO|S|1|0
6264|TEMPO TEXTIL|S|1|0
6265|ONE WAY|S|1|0
6266|DISTRIBUIDORA LITORA|S|1|0
6267|FORMAS Y COLORES|S|1|0
6268|VERONICA|S|1|0
6269|ENJOY CLUB|S|1|0
6270|CULTURA INDIA|S|1|0
6271|MOUCHOIRS GEORG|S|1|0
6272|MILL'S|S|1|0
6273|MEIJOMIL|S|1|0
6274|MONACO|S|1|0
6275|MAX ZAVIER|S|1|0
6276|MARIANCRYL|S|1|0
6277|MARCHELLO|S|1|0
6278|MC CHESTER|S|1|0
6279|MAUERIK|S|1|0
6280|MOUNTAIN|S|1|0
6281|MIBEBES|S|1|0
6282|MICAELA|S|1|0
6283|MADELAINE|S|1|0
6284|DARIEN|S|1|0
6285|ISLYN S.R.L.|S|1|0
6286|MODAS AHN|S|1|0
6287|TARYM|S|1|0
6288|CASA ARI|S|1|0
6289|BIKINI UNO S.R.L.|S|1|0
6290|BH TEXTIL S.R.L.|S|1|0
6291|RICA LEWIS|S|1|0
6292|CH - GROUP|S|1|0
6293|POSTO 5|S|1|0
6294|ELCANTO|S|1|0
6295|PINO|S|1|0
6296|MISS OLIVE|S|1|0
6297|MISS ME|S|1|0
6298|MODO DECO|S|1|0
6299|INDUSTRIAS ROULA SRL|S|1|0
6300|WASSA|S|1|0
6301|NIKE FERALDY|S|1|0
6302|NAT|S|1|0
6303|FIORINA|S|1|0
6304|MAXIMINI|S|1|0
6305|TEXTIL ROCLAN|S|1|0
6306|LAKO'S|S|1|0
6307|TOKO|S|1|0
6308|MAPLE |S|1|0
6309|SERI|S|1|0
6310|TAPICERIA INFANTIL|S|1|0
6311|OMBU|S|1|0
6312|OTRAVEZ|S|1|0
6313|SOFPUNT S.A.|S|1|0
6314|LOS GIRASOLES|S|1|0
6315|HAPPYLAND|S|1|0
6316|LOQUITA|S|1|0
6317|OVER-PULL|S|1|0
6318|POPYS|S|1|0
6319|EL JADOL S.A.|S|1|0
6320|FABI|S|1|0
6321|SANTOS|S|1|0
6322|PINKY GREY|S|1|0
6323|PRIMUS|S|1|0
6324|PACO RABANE|S|1|0
6325|POINCARE|S|1|0
6326|PULLMAN|S|1|0
6327|PRIMUS|S|1|0
6328|PIZPIRETA|S|1|0
6329|PALETTE|S|1|0
6330|ARMANDO VEGH|S|1|0
6331|MV PROYECTO INFANTIL|S|1|0
6332|PLENIT|S|1|0
6333|PAMPERO|S|1|0
6334|PI\ATA|S|1|0
6335|PINOCHO|S|1|0
6336|EL PASEO|S|1|0
6337|JUAN CONDRAC S.A.|S|1|0
6338|OESTE DISTRIBUIDORA|S|1|0
6339|ZARITA|S|1|0
6340|SIGLAS|S|1|0
6341|NEWSAN|S|1|0
6342|FULANO & MENGANO|S|1|0
6343|ALCUZA|S|1|0
6344|SABBIA DI MARE SRL|S|1|0
6345|VALUS|S|1|0
6346|BIANCA SECRETA|S|1|0
6347|AXON|S|1|0
6348|DISTRIBUIDORA VENETO S.A.|S|1|0
6349|MAR & SOL|S|1|0
6350|CIMES|S|1|0
6351|QUELINDO|S|1|0
6352|PANIF. AL.TA.MI|S|1|0
6353|GRUPO EL RANCHO|S|1|0
6354|MANOS TEXTILES SRL|S|1|0
6355|PEGA SRL|S|1|0
6356|ARNOLFO EZEQUIEL FRANCISCO|S|1|0
6357|MARWAL ACERO INOX|S|1|0
6358|SUNSTROKE|S|1|0
6359|SORMA|S|1|0
6360|KUKIBET SRL|S|1|0
6361|COMPRANDO EN GRUPO.NET|S|1|0
6362|REINA CRISTINA|S|1|0
6363|ROCOCO|S|1|0
6364|RIGEL|S|1|0
6365|REGATTA|S|1|0
6366|RUBYDAN|S|1|0
6367|RITMO|S|1|0
6368|ROPINT|S|1|0
6369|RED DEVIL|S|1|0
6370|RICOSIR|S|1|0
6371|RAYUELA|S|1|0
6372|ROTSEN|S|1|0
6373|ROMY|S|1|0
6374|RED LINE|S|1|0
6375|ENTRANCE SA|S|1|0
6376|FLAME S.A.|S|1|0
6377|TABOADA MARIA FERNANDA|S|1|0
6378|ARIFERNIC|S|1|0
6379|RIMMEL|S|1|0
6380|MODA MUNDO SRL|S|1|0
6381|SILVANA EMILIA BEZMALINOVICH|S|1|0
6382|BELINI GUSTAVO|S|1|0
6383|NECESSARY SRL|S|1|0
6384|CAMPAGNOLA MUEBLES|S|1|0
6385|BRUXELLES|S|1|0
6386|PABLO PAEZ BATH &BODY|S|1|0
6387|ETNIKA|S|1|0
6388|SYLVANIA ARGENTINA S.A.|S|1|0
6389|REY DISTRIBUCIONES|S|1|0
6390|ROBERTO VAN KEMENADE|S|1|0
6391|SUPROLAN|S|1|0
6392|SILMAR|S|1|0
6393|SUBELL|S|1|0
6394|SEGNO|S|1|0
6395|SETPOINT|S|1|0
6396|SORPASSO|S|1|0
6397|SHANS|S|1|0
6398|SYB|S|1|0
6399|PR. VAR|S|1|0
6400|SUGESTION|S|1|0
6401|SPIMPYS|S|1|0
6402|SECLAR|S|1|0
6403|OASIS|S|1|0
6404|SGM|S|1|0
6405|SHAKAR|S|1|0
6406|ANA REINA|S|1|0
6407|MICROPACK|S|1|0
6408|LOVE THIS|S|1|0
6409|MATEG SRL|S|1|0
6410|XANA|S|1|0
6411|PROD. FRACCIONADOS|S|1|0
6412|FABRI HELADOS|S|1|0
6413|ZAPATA MARIA ROSA|S|1|0
6414|GREENCOOK S.A.|S|1|0
6415|FONTANINI |S|1|0
6416|FERRETERIA LAR|S|1|0
6417|ADNA|S|1|0
6418|PANIF. VARIOS|S|1|0
6419|OSMARIEL|S|1|0
6420|BELABIN|S|1|0
6421|TROUVILLE|S|1|0
6422|TAVERNITI|S|1|0
6423|THION VILLE|S|1|0
6424|TINO'S|S|1|0
6425|TEXTIL CALDENS|S|1|0
6426|TOR-WAG|S|1|0
6427|TRUSSARDY|S|1|0
6428|ALGABO LICENCIAS|S|1|0
6429|APA LA PAPA|S|1|0
6430|RITZ|S|1|0
6431|JC PROLA Y CIA SRL|S|1|0
6432|LIMPIEZA TOTAL|S|1|0
6433|CRAKET SNACK|S|1|0
6434|PP.ALGABO|S|1|0
6435|MINA MAURO GUSTAVO|S|1|0
6436|MEMORIES NIGHT SRL|S|1|0
6437|PEPPA|S|1|0
6438|PP.LA MARIPOSA|S|1|0
6439|MEDIAS LA PLATA S.A.|S|1|0
6440|IDEAS POP SRL|S|1|0
6441|UNISOX|S|1|0
6442|DESES PLAST SRL|S|1|0
6443|VOV JEAN|S|1|0
6444|RAMON CHOZAS SA|S|1|0
6445|AGUIRRE WALTER|S|1|0
6446|MICHIFUZ|S|1|0
6447|TELAMETAL ICSA|S|1|0
6448|MIMATE|S|1|0
6449|GECE S.R.L.|S|1|0
6450|GIUSTO|S|1|0
6451|PANIF. CONF.SABA|S|1|0
6452|VESTAR|S|1|0
6453|VARIOS|S|1|0
6454|VEME|S|1|0
6455|VIVIAN|S|1|0
6456|VARIELAN|S|1|0
6457|PP.PAPELES|S|1|0
6458|VESTIMIA|S|1|0
6459|MACROTEXTIL S.A.|S|1|0
6460|CHAPAS RETRO|S|1|0
6461|BROSS|S|1|0
6462|COQUETITOS|S|1|0
6463|EXOZ SRL|S|1|0
6464|DM4 SA|S|1|0
6465|FERRARIS |S|1|0
6466|SOLUCIONES VERDES SRL|S|1|0
6467|SPORTEC S.R.L.|S|1|0
6468|PP.JOSE GUMA|S|1|0
6469|COOP. APICOLA PAMPERO|S|1|0
6470|MC CARTNEY|S|1|0
6471|WRANGLER|S|1|0
6472|WOLKEENYCO|S|1|0
6473|TORRES PEDRO EDGARDO|S|1|0
6474|LA ESTRELLA|S|1|0
6475|NAVAR S.A.|S|1|0
6476|DISTRIBUIDORA DE LA COSTA|S|1|0
6477|PINK STAR S.A.|S|1|0
6478|LAKERS CORP. S.A.|S|1|0
6479|EXORDIO|S|1|0
6480|MAGIC MAKERS S.A.|S|1|0
6481|YUAK|S|1|0
6482|XY ARGENTINA S.A.|S|1|0
6483|INDUCEL GROUP|S|1|0
6484|PP.LA LACTEO|S|1|0
6485|ORIENTLATIN SA|S|1|0
6486|PARTY LOOKS S.R.L.|S|1|0
6487|LA DIBUJERIA SRL|S|1|0
6488|RVK S.A.|S|1|0
6489|DINATO|S|1|0
6490|S.P.A. REGALOS|S|1|0
6491|MOLINO A.DOS HERMANO|S|1|0
6492|FINEXCOR SRL|S|1|0
6493|LUIS ALBERTO FRIAS|S|1|0
6495|MOLINOS TRES ARROYOS|S|1|0
6497|PP.FAESPO SRL|S|1|0
6988|JBS ARGENTINA SA|S|1|0
7000|ANSA|S|2|0
7001|EMPORIO DE LA CORREA|S|2|0
7002|LUNA HNOS.               |S|2|0
7003|DEMA|S|2|0
7004|YPF                      |S|2|0
7005|VILLA HNOS.              |S|2|0
7006|FATE                     |S|2|0
7007|PIRELLI                  |S|2|0
7008|FIRESTONE                |S|2|0
7009|BAHCO                    |S|2|0
7010|ASCHERI                  |S|2|0
7011|GOMAPLA                  |S|2|0
7012|EZETA                    |S|2|0
7013|GASAUER                  |S|2|0
7014|MASINO RODADOS           |S|2|0
7015|ORBEA                    |S|2|0
7016|S.K.F.                   |S|2|0
7017|CLEOS S.A.|S|2|0
7018|ALBA                     |S|2|0
7019|BIASSONI                  |S|2|0
7020|GHERARDI                 |S|2|0
7021|FILON                    |S|2|0
7022|CONARCO                  |S|2|0
7023|RERAR|S|2|0
7024|BRAM-METAL               |S|2|0
7025|SCHNEIDER VIDRIERIA|S|2|0
7026|LAMBARRI Y ZAPATA        |S|2|0
7027|STRONG S.R.L.|S|2|0
7028|EFAC                     |S|2|0
7029|PENETRIT                 |S|2|0
7030|TEXILO                   |S|2|0
7031|TEMA SANITARIOS          |S|2|0
7032|PICANA                   |S|2|0
7033|ARBOLITO|S|2|0
7034|KELUBE                   |S|2|0
7035|COPIOSUS                 |S|2|0
7036|FISCHER                  |S|2|0
7037|HERRAMETAL               |S|2|0
7038|DYEBA|S|2|0
7039|CARBIS                   |S|2|0
7040|DOBLE A                  |S|2|0
7041|VITECSO                  |S|2|0
7042|NORDICA                  |S|2|0
7043|NOBLEX                   |S|2|0
7044|BOSCH HERRAMIENTAS|S|2|0
7045|SEERY                    |S|2|0
7046|MET CORTADORAS |S|2|0
7047|MOTORLIGTH               |S|2|0
7048|POXIPOL                  |S|2|0
7049|SUPERPIN                 |S|2|0
7050|YELMO                    |S|2|0
7051|CHICAGO                  |S|2|0
7052|PHILIPS LAMPARAS    |S|2|0
7053|KEN BROWN                |S|2|0
7054|EMEGE                    |S|2|0
7055|BRIKET                   |S|2|0
7056|EL TREBOL                |S|2|0
7057|LASER|S|2|0
7058|HILGERT                   |S|2|0
7059|DESCANSAR|S|2|0
7060|SARTOR Y PADUAN SRL      |S|2|0
7061|GODECO                   |S|2|0
7062|VENIER                   |S|2|0
7063|DAR DE ALTA|S|2|0
7064|AURORA|S|2|0
7065|KOH-I-NOR                |S|2|0
7066|WHIRLPOOL|S|2|0
7067|GATTI                    |S|2|0
7068|PREMIER|S|2|0
7069|BARDHALL                 |S|2|0
7070|PIERO|S|2|0
7071|LONGVIE                  |S|2|0
7073|ELECTRICIDAD G.E.             |S|2|0
7074|DOMEC                    |S|2|0
7075|LANTERMO                 |S|2|0
7076|DAEWOO                   |S|2|0
7077|EL GALGO                 |S|2|0
7078|NEBA                     |S|2|0
7079|HIDRONORTE               |S|2|0
7080|JVC|S|2|0
7081|COLEMAN                  |S|2|0
7082|ARTS. P/BEBES            |S|2|0
7083|MUEBLES                  |S|2|0
7084|BGH                   |S|2|0
7085|BICICLETAS WAL-HER|S|2|0
7086|LILIANA                  |S|2|0
7087|CLO                      |S|2|0
7088|ORBIS                    |S|2|0
7089|ARTS.ELECTRICOS          |S|2|0
7090|FORZA CALEFACCION|S|2|0
7091|CHERTA                   |S|2|0
7092|ROPACO                   |S|2|0
7093|STIHL REPUESTOS               |S|2|0
7094|CZERWENY                 |S|2|0
7095|GRASELLI                 |S|2|0
7096|MAER SISTEMAS DE PINTAR|S|2|0
7097|TILCARA                  |S|2|0
7098|POLILAK|S|2|0
7099|VARIOS                   |S|2|0
7100|DEWO                     |S|2|0
7101|ABRA-SOL|S|2|0
7102|HITACHI|S|2|0
7103|EXPANDET                 |S|2|0
7104|ARGENTEC|S|2|0
7105|MAGIPLAST|S|2|0
7106|GRILLON|S|2|0
7107|NATY                     |S|2|0
7108|ELECTROMAR|S|2|0
7109|MANA BICICLETAS|S|2|0
7110|RHEEM                    |S|2|0
7111|SCHAFER|S|2|0
7112|WHOLL                    |S|2|0
7113|HELATODO                 |S|2|0
7114|USMAN|S|2|0
7115|COLUMBIA|S|2|0
7116|CODINI                   |S|2|0
7117|PATRICK                  |S|2|0
7118|LUMER                    |S|2|0
7119|MARTEL|S|2|0
7120|PRACTIK|S|2|0
7121|ESKILTUNA|S|2|0
7122|BOSCH ELECTRODOMESTI|S|2|0
7123|VOLCAN                   |S|2|0
7124|NARA GOLD                |S|2|0
7125|DAHIATSU                 |S|2|0
7126|RODDEX                   |S|2|0
7127|ECOTERMO                 |S|2|0
7128|SHARP                    |S|2|0
7129|HISHI                    |S|2|0
7130|ROWA                     |S|2|0
7131|GRIMOY                   |S|2|0
7132|DELFABRO                 |S|2|0
7133|PLUMITA                  |S|2|0
7134|CAPEA                    |S|2|0
7135|REVESTIMIENTOS           |S|2|0
7136|KEN BROWN COMPUTACIO|S|2|0
7137|DUKE|S|2|0
7138|BIEMME                   |S|2|0
7139|ESKABE|S|2|0
7140|WESTPOINT                |S|2|0
7141|BICICLETAS LAURIA|S|2|0
7142|G.ELECTRIC               |S|2|0
7143|AIWA                     |S|2|0
7144|PIONEER                  |S|2|0
7145|SONY                     |S|2|0
7146|STANLEY HERR                  |S|2|0
7147|BRIGGS STRATTON          |S|2|0
7148|FANACOLA                 |S|2|0
7149|CERRADURA TRABEX         |S|2|0
7150|SPAR                     |S|2|0
7151|EL SIMBOLO               |S|2|0
7152|GRIFERIA PEIRANO         |S|2|0
7153|NEUMASUR                 |S|2|0
7154|SINGER                   |S|2|0
7155|CONSUL                   |S|2|0
7156|MAKITA                   |S|2|0
7157|BLACK & DECKER           |S|2|0
7158|DE WALT                  |S|2|0
7159|MAXI KING                |S|2|0
7160|FIORENZA                 |S|2|0
7161|PHILIPS PEQUEÑOS ELECTROD|S|2|0
7162|PHILIPS AUDIO Y TV       |S|2|0
7163|ELECTROLUX PEQ-VENT-CALEF|S|2|0
7164|TECLASTAR                |S|2|0
7165|BARBERO                  |S|2|0
7166|RUEDAS HOFER             |S|2|0
7167|SONOTEST                 |S|2|0
7168|PLATINUM                 |S|2|0
7169|SIAM                     |S|2|0
7170|BRIMPEX                  |S|2|0
7171|BRAUN FOTOGRAFIA         |S|2|0
7172|PERFILPLAST              |S|2|0
7173|SIEMENS                  |S|2|0
7174|COBRHIL|S|2|0
7175|SORBALOK                 |S|2|0
7176|ECOCLIMA                 |S|2|0
7177|SANYO                    |S|2|0
7178|MONTERO                  |S|2|0
7179|DREAN                    |S|2|0
7180|MONKOTO|S|2|0
7181|BAMBI|S|2|0
7182|CROSSMASTER|S|2|0
7183|SILFAB|S|2|0
7184|ZEOCAR|S|2|0
7185|BERTOTTO-BOGLIONE|S|2|0
7186|BRAUN|S|2|0
7187|CIOCCA|S|2|0
7188|LOCTITE|S|2|0
7189|DIXILINA|S|2|0
7190|TIVOLI|S|2|0
7191|SIDERAL|S|2|0
7192|VALI GAS|S|2|0
7193|LOSUNG|S|2|0
7194|GACELA|S|2|0
7195|HIDROQUIL|S|2|0
7196|STROMBERG|S|2|0
7197|CASIO|S|2|0
7198|ASPEN|S|2|0
7199|TEL AUTOPERFORANTES|S|2|0
7200|UNISEF|S|2|0
7201|SPOTS LINE|S|2|0
7202|UNIVERSAL|S|2|0
7203|TYROLIT|S|2|0
7204|LA CASONA FAROLES|S|2|0
7205|B.T.A.|S|2|0
7206|UHU|S|2|0
7207|IC DISTRIBUCIONES SRL|S|2|0
7208|PAGLIAROLI GINO|S|2|0
7209|CHICOTE|S|2|0
7210|ARQUICLASS|S|2|0
7211|DILUVIO|S|2|0
7212|EXPERTO|S|2|0
7213|CAVET S.R.L.|S|2|0
7214|GURIÑA SRL|S|2|0
7215|CROWN JAPAN|S|2|0
7216|COPPENS|S|2|0
7217|EZIO DELL AVO NAC.|S|2|0
7218|ORMAY|S|2|0
7219|B-52|S|2|0
7220|TURBION|S|2|0
7221|TCL|S|2|0
7222|ANTHAY ELECTRONICA|S|2|0
7223|DEPLI|S|2|0
7224|KALOP|S|2|0
7225|AIR MIL|S|2|0
7226|GLOBAL REMACHES|S|2|0
7227|KODAK|S|2|0
7228|PNT LUBRICANTE|S|2|0
7229|PROLA J.C. Y CIA.|S|2|0
7230|SURREY|S|2|0
7231|BERTOLO|S|2|0
7232|AUDIOVOX|S|2|0
7233|BLAUPUNKT|S|2|0
7234|INTERNATIONAL|S|2|0
7235|BEBESIT|S|2|0
7236|BICICLETAS ENRIQUE|S|2|0
7237|BICICLETAS STRASSE|S|2|0
7238|BICICLETAS TAYA|S|2|0
7239|HBH|S|2|0
7240|CASA JARSE|S|2|0
7241|MADEMSA|S|2|0
7242|INDELPLAS FERRETERIA|S|2|0
7243|CALLONE|S|2|0
7244|MAGICLICK|S|2|0
7245|TDK|S|2|0
7246|PARAISO INFANTIL|S|2|0
7247|MILENIUM COCINAS|S|2|0
7248|CASA LEO|S|2|0
7249|GA-MA ELECTRODOMESTI|S|2|0
7250|IMPERIO DISTRIBUCION|S|2|0
7251|LAVARMIN|S|2|0
7252|KERONA|S|2|0
7253|VENTAR|S|2|0
7254|KEYPART|S|2|0
7255|TOAY ESTUFAS A LEÑA|S|2|0
7256|PANASONIC|S|2|0
7257|TAS FOGONES|S|2|0
7258|INTERELEC|S|2|0
7259|OLFA|S|2|0
7260|VARIOS ART. HOGAR|S|2|0
7261|FIASA|S|2|0
7262|RASAN S.A.|S|2|0
7263|COLOMBRARO|S|2|0
7264|DAKOT MUEBLES|S|2|0
7265|LAGOS S.R.L. MUEBLES|S|2|0
7266|BERMON DISTRIBUIDORA|S|2|0
7267|METAL GLASS|S|2|0
7268|FERRETERA GRAL PAZ|S|2|0
7269|EKWAN S.A.|S|2|0
7270|CASA  LEON|S|2|0
7271|SOMECO ELECTRONICS|S|2|0
7272|CANDIL ILUMINACION|S|2|0
7273|VILLA BATERIAS|S|2|0
7274|SENDRA JULIO|S|2|0
7275|CLER VENTILACION|S|2|0
7276|MASCARDI|S|2|0
7277|TUBOCROM|S|2|0
7278|PERETTI BICICLETAS|S|2|0
7279|DELFIN S.C.|S|2|0
7280|RAYOVAC ARGENTINA S.|S|2|0
7281|AGUASOL|S|2|0
7282|SABET S.A.|S|2|0
7283|GUANTEX|S|2|0
7284|MICHELIN|S|2|0
7285|METALURGICA IMPERIO |S|2|0
7286|"3M ADHESIVOS"|S|2|0
7287|AEROFARMA LABORATORI|S|2|0
7288|SIMPA S.A.|S|2|0
7289|OÑATE|S|2|0
7290|MADEPRIX|S|2|0
7291|KUWAIT|S|2|0
7292|PINAS|S|2|0
7293|BALBICO C.I.F.I.|S|2|0
7294|SIRPLASTIC S.R.L.|S|2|0
7295|HERRAJES YORI|S|2|0
7296|VIALRO|S|2|0
7297|SAINT GOB. ABRASIVOS|S|2|0
7298|PEGAMIL|S|2|0
7299|SILOC|S|2|0
7300|GOOD YEAR|S|2|0
7301|CHARIHUE|S|2|0
7302|AGROPART S.R.L.|S|2|0
7303|COMERCIAL DEL PLATA|S|2|0
7304|CIZALLAS SOL|S|2|0
7305|LG HOGAR|S|2|0
7306|OSENDA RAFAELA|S|2|0
7307|AB ELECTRONICA|S|2|0
7308|AIRMON DURBAN|S|2|0
7309|REPOSOL|S|2|0
7310|GOMA PAZ|S|2|0
7311|GENROD|S|2|0
7312|ORTIZ FISCHER Y CIA.|S|2|0
7313|PETRI|S|2|0
7314|CAPOBIANCO IMPORTADO|S|2|0
7315|CRIMARAL S.A.I.C.F.I|S|2|0
7316|D.C.R.|S|2|0
7317|DISTRIB. BELGA S.R.L|S|2|0
7318|SIN FIN ESCALERAS|S|2|0
7319|ENELEC S.A.|S|2|0
7320|CORTIFER S.R.L.|S|2|0
7321|EDIVA|S|2|0
7322|LOYTO|S|2|0
7323|PIRELLI CABLES|S|2|0
7324|GAMMA HERRAM. ELEC.|S|2|0
7325|BULONFER S.R.L.|S|2|0
7326|BRINCO ELECTRIFICADO|S|2|0
7327|AIRSUN CORPORATION|S|2|0
7333|CABROL BICICLETAS|S|2|0
7334|CENTRO ESTANT S.A.|S|2|0
7335|SYLVANIA ILUMINACION|S|2|0
7336|CRIBER S.R.L.|S|2|0
7337|PARANA GUANTES|S|2|0
7338|MARINA SOL|S|2|0
7339|NETFE|S|2|0
7340|ERPA|S|2|0
7341|ROBERTO NANT S.R.L.|S|2|0
7342|PEON ELECTRIFICADORE|S|2|0
7343|PLYRAP ELECTRIF.|S|2|0
7344|MANDINGA ELECTRIF.|S|2|0
7345|CRESPO COMERCIAL|S|2|0
7346|CROSSIO JOSE E.|S|2|0
7347|ANAUGER ARGENTINA|S|2|0
7348|MAYORISTA ELECTRICO|S|2|0
7349|PHILCO|S|2|0
7350|DA-SAN |S|2|0
7351|PINTURAS SAN AGUSTIN|S|2|0
7352|AISLANTES SH S.R.L.|S|2|0
7353|GENERAY S.A.|S|2|0
7354|SEMIKON (SUREX ARGE)|S|2|0
7355|NUEVAS MANUFACTURAS|S|2|0
7356|SALUSTRI S.A.|S|2|0
7357|ALEBA|S|2|0
7358|PROAR S.R.L.|S|2|0
7359|VELTROX ELECTRONICA|S|2|0
7360|RCA|S|2|0
7361|IMPORT. AMERICANA |S|2|0
7362|GAFA|S|2|0
7363|SIDENOR S.H.|S|2|0
7364|SUZUKI|S|2|0
7365|EUROCASE|S|2|0
7366|TAKUMA ELECTRONICS|S|2|0
7367|METALSEND|S|2|0
7368|EUROTIME S.A.|S|2|0
7369|IDT S.A.|S|2|0
7370|CASELLA ELECTRICIDAD|S|2|0
7371|SIL.CAR|S|2|0
7372|CARRETELES RAFAELA|S|2|0
7373|VALI S.A.I.C. Y F|S|2|0
7374|KELVINATOR|S|2|0
7375|WHOLL ARGENTINA S.R.|S|2|0
7376|FIJACIONES VEYKA SRL|S|2|0
7377|RIMCA|S|2|0
7378|FRAMER|S|2|0
7379|TOTAL LUZ S.A.|S|2|0
7380|GRUNDFO'S|S|2|0
7381|ATMA|S|2|0
7382|DHINCO S.A.C.I.F.I.|S|2|0
7383|LUMINARIAS OM|S|2|0
7384|RIQUELME|S|2|0
7385|PLASTITELAS|S|2|0
7386|PHILIPS CUIDADO PERSONAL|S|2|0
7387|BROGAS |S|2|0
7388|METALMAS S.A.I.C.F.|S|2|0
7389|LCT|S|2|0
7390|CASTAGNO Y CIA S.C.C|S|2|0
7391|CGA SOCIEDAD ANONIMA|S|2|0
7392|TECNOCOM S.A.|S|2|0
7393|LATYN TRADE S.A.|S|2|0
7394|VIGNOLO ILUMINACION|S|2|0
7395|ZZ CAPOBIANCO|S|2|0
7396|DOWEL S.A.|S|2|0
7397|EMESSE|S|2|0
7398|WIMER|S|2|0
7399|INCER |S|2|0
7400|VULCANO|S|2|0
7401|EMEDE|S|2|0
7402|BRASMAR|S|2|0
7403|AGUADO Y CIA S.A.|S|2|0
7404|METALURGICA MS|S|2|0
7405|KIOTO S.A.|S|2|0
7406|PRODUCTOS PREMIUM|S|2|0
7407|DACCORD|S|2|0
7408|SEKUR|S|2|0
7409|CRISTALEC|S|2|0
7410|COMERCIAL ALPACA S.A|S|2|0
7411|SEGURITY S.R.L.|S|2|0
7412|CALTEX S.H.|S|2|0
7413|GIURCA HOGARES|S|2|0
7414|VISUAR S.R.L.|S|2|0
7415|RUMBOS S.R.L.|S|2|0
7416|ULTRACOMB|S|2|0
7417|ARNET ILUMINACION|S|2|0
7418|FUN-GAS S.R.L.|S|2|0
7419|COMAFER S.R.L.|S|2|0
7420|UNICOLORS S.A.|S|2|0
7421|JORGE A. PEDERZOLLI|S|2|0
7422|RAMOS HNOS. S.A.|S|2|0
7423|ELECTROSUR|S|2|0
7424|WILLARD BATERIAS|S|2|0
7425|BULTOR |S|2|0
7426|INELRO |S|2|0
7427|TRI-MAR MUEBLES|S|2|0
7428|INDUSTRIA SEGURA E H|S|2|0
7430|LLAO LLAO RODILLOS|S|2|0
7431|JUNTAMAS PLASTICO|S|2|0
7432|METALURGICA G.G.|S|2|0
7433|STANLEY ELECTRIC.|S|2|0
7434|FEMA|S|2|0
7435|ARZE AUTOPARTES|S|2|0
7436|RAPI-ESTANT|S|2|0
7437|MATALURGICA RI.CASS|S|2|0
7438|CAVALLINI AGUSTIN|S|2|0
7439|STEELTEX|S|2|0
7440|MATRICERIA LUJAN S.R|S|2|0
7441|LIQUIDACION|S|2|0
7442|IRIMO|S|2|0
7443|MOTA|S|2|0
7444|ABRAZADERAS CORDOBA|S|2|0
7445|GRUPO IKONO|S|2|0
7446|PYFER|S|2|0
7447|GARDEN LIFE|S|2|0
7448|FIBON|S|2|0
7449|SIA LOGISTICA S.A.|S|2|0
7450|BRONCE|S|2|0
7451|OLYMPUS|S|2|0
7452|NAKAN SOPORTES|S|2|0
7453|CASAL S.A.|S|2|0
7454|FAG SISTEM S.A.|S|2|0
7455|OSRAM ARGENTINA|S|2|0
7456|DON BELL ILUMINACION|S|2|0
7457|METALURGICA RI-CASS|S|2|0
7458|MC PIN PINCELES|S|2|0
7459|SHERMAN|S|2|0
7460|SCHNEIDER ELECTRIC|S|2|0
7461|ROKER CAJAS|S|2|0
7462|TORLETTI HIDRAULICOS|S|2|0
7463|CASE LOGIC|S|2|0
7464|GAGGIOTTI GUILLERMO |S|2|0
7465|SCOLARI|S|2|0
7466|METAL. LOS ARROYOS|S|2|0
7467|PUNTO VERDE|S|2|0
7468|FUNDILAR S.A.|S|2|0
7470|METALURGICA MARFIL|S|2|0
7471|GAUCHITO|S|2|0
7472|DIGITAL OFICE S.R.L.|S|2|0
7473|MEIFA|S|2|0
7474|NEUTROLUZ S.R.L.|S|2|0
7475|CHIES HNOS. S.R.L.|S|2|0
7476|SANITARIOS ROSARIO|S|2|0
7477|TAURO|S|2|0
7478|CEGESA |S|2|0
7479|T.A.T. MOTORES/BOMBA|S|2|0
7480|ROSSUAR|S|2|0
7481|METALCRUX|S|2|0
7482|PRIVE CERRADURAS|S|2|0
7483|CUFER DISTRIBUIDORA|S|2|0
7484|CARISIO HNOS. SRL|S|2|0
7485|GRUPO NUCLEO S.A.|S|2|0
7486|BARCALA VENTICLIMA|S|2|0
7487|GARTEN CORT.CESPED|S|2|0
7488|CELTA ESPATULAS|S|2|0
7489|BROTHER MAQ. COSER|S|2|0
7490|FUNAL S.R.L.|S|2|0
7491|CLIK ELECTRICIDAD|S|2|0
7492|MORANO|S|2|0
7493|DOWEN PAGGIO|S|2|0
7494|CUMAR S.R.L.|S|2|0
7495|ARPRAC|S|2|0
7496|TESY|S|2|0
7497|TROMEN SALAMANDRAS|S|2|0
7498|BODY CARE|S|2|0
7499|KARCHER HIDROLAV|S|2|0
7500|INSUMOS INFORMATICOS|S|2|0
7501|COIMFER S.A.|S|2|0
7502|GC FABRICANTES|S|2|0
7503|TUBELECTRIC|S|2|0
7504|DECOR|S|2|0
7505|FON-RED|S|2|0
7506|PROMORED|S|2|0
7507|FANGO BACHAS|S|2|0
7508|SKIL|S|2|0
7509|KINGTEL SA|S|2|0
7510|TECNOAISLANTES|S|2|0
7511|LA HACENDOSA|S|2|0
7512|CETOL|S|2|0
7513|HONDA REPUESTOS|S|2|0
7514|GILLI FABIO|S|2|0
7515|TRIMOL|S|2|0
7516|HERFASA ABERTURAS |S|2|0
7517|OTAÑO HERMANOS|S|2|0
7518|EMABRE|S|2|0
7519|EMAPI|S|2|0
7520|SIC ELECTROINDUSTRIA|S|2|0
7521|OBLAK ABERTURAS|S|2|0
7522|SUZOHAPP|S|2|0
7523|KOLFF ARGENTINA S.A.|S|2|0
7524|BUSSO S.A.|S|2|0
7525|BONAPASTA|S|2|0
7526|SOLUTION BOX|S|2|0
7527|COMPAÑIA ESTEBAN SA|S|2|0
7528|STUCCHI BANDEJAS|S|2|0
7529|BAGS|S|2|0
7530|FARAVELLI|S|2|0
7531|EL PROGRESO|S|2|0
7532|HIDROSISTEMAS|S|2|0
7533|INTERPLAST|S|2|0
7534|LM AMOBLAMIENTOS|S|2|0
7535|HM HERRAMIENTAS|S|2|0
7536|EXTRA POWER S.A.|S|2|0
7537|MUNDO DIGITAL|S|2|0
7538|SOLDART S.R.L.|S|2|0
7539|FRARE S.A.|S|2|0
7540|FERRETERA ARGENTINA|S|2|0
7541|LILUS SA|S|2|0
7542|IDEAL SANITARIOS|S|2|0
7543|AIRBLOCK|S|2|0
7544|BIPO|S|2|0
7545|TRV ELECTRONICS|S|2|0
7546|STAR TRAK|S|2|0
7547|ECO ILUMINACION|S|2|0
7548|ELECTRO WORLD|S|2|0
7549|CUIDEX|S|2|0
7550|KARIKAL|S|2|0
7551|METALURGICA SC|S|2|0
7552|BREMEN|S|2|0
7553|DAS DACH SA|S|2|0
7554|BAQUA|S|2|0
7555|NS HERRERIA|S|2|0
7556|AUTOPOLISH|S|2|0
7557|LOSA OLAVARRIA |S|2|0
7558|FERRETERA OESTE|S|2|0
7559|SOPORTER|S|2|0
7560|MARCHETTO REINALDO|S|2|0
7561|SIN PAR|S|2|0
7562|RUST OLEUM|S|2|0
7563|ATRIM|S|2|0
7564|ATOMLUX S.R.L.|S|2|0
7565|JMG|S|2|0
7566|TAGWOOD|S|2|0
7567|BROTHER IMPRES.|S|2|0
7568|COMPAQ|S|2|0
7569|LUSQTOFF|S|2|0
7570|MAGLIA|S|2|0
7571|ABERTURAS FAB. UNIDOS|S|2|0
7572|ENERGY MERCOSUR|S|2|0
7573|T-PER|S|2|0
7574|MAXICELS|S|2|0
7575|PYSTONTRONIC|S|2|0
7576|ONE FOR ALL|S|2|0
7577|GUNDIN SA|S|2|0
7578|ANJOBER S.R.L.|S|2|0
7579|ALEMYR|S|2|0
7580|EIFFEL|S|2|0
7581|CALMAT|S|2|0
7582|ELECTRO DIGITAL (PRIETO)|S|2|0
7583|DAISA (BUSSO)|S|2|0
7584|TREFI|S|2|0
7585|MORELLI|S|2|0
7586|ERGOS CABLES|S|2|0
7587|COMPRIBAND|S|2|0
7588|EZIO DELL AVO IMPORT.|S|2|0
7589|SOPORTECK S.H.|S|2|0
7590|KAMSA|S|2|0
7591|POLICEMENTO|S|2|0
7592|ALLTRADE USA SA|S|2|0
7593|FUTURA BICICLETAS|S|2|0
7594|DAR DE ALTA|S|2|0
7595|LA ESQUINA DEL CONTROL|S|2|0
7596|BEBITOS|S|2|0
7597|VOSS 2000 FERRETERIA|S|2|0
7598|FUSIOGAS|S|2|0
7599|DAR DE ALTA|S|2|0
7600|DAR DE ALTA|S|2|0
7601|CEVEN|S|2|0
7602|LAURY BAZAR Y CAMPING|S|2|0
7603|RECKOIMPORT S.A.|S|2|0
7604|MLA|S|2|0
7605|DAYTON|S|2|0
7606|DAR DE ALTA|S|2|0
7607|DAR DE ALTA|S|2|0
7608|PEABODY|S|2|0
7609|ONEBOX |S|2|0
7610|NEVADA|S|2|0
7611|DAR DE ALTA|S|2|0
7612|CAPOBIANCO NACIONAL|S|2|0
7613|SEVERBON|S|2|0
7614|DAR DE ALTA|S|2|0
7615|DAR DE ALTA|S|2|0
7616|RAPIFIX|S|2|0
7617|MAS GLOBAL|S|2|0
7618|ROKER LINEA 730R|S|2|0
7619|DAR DE ALTA|S|2|0
7620|DAR DE ALTA|S|2|0
7621|MOBE|S|2|0
7622|PANTUM|S|2|0
7623|DAR DE ALTA|S|2|0
7624|IPS HERRAMIENTAS|S|2|0
7625|IPS GAS|S|2|0
7626|AERO ONE S.R.L.|S|2|0
7627|CEG.NET|S|2|0
7628|GRIBOM|S|2|0
7629|GERMAN HOSENLOPP|S|2|0
7630|HOGARIS NOVA S.A.|S|2|0
7631|STIHL MAQUINAS|S|2|0
7632|DAR DE ALTA|S|2|0
7778|DIPROMAS S.R.L.|S|2|0
7779|KACEMASTER|S|2|0
7780|BAEL|S|2|0
7781|HOLZHEIER ALCIDES|S|2|0
7782|SELEC LINE|S|2|0
7783|FIORE DISTRIBUCIONES|S|2|0
7784|SOLYON ARGENTINA S.A|S|2|0
7785|OCF ARGENTINA|S|2|0
7786|LACAR HELADERAS|S|2|0
7787|ALIAFOR GENERAL|S|2|0
7788|INDUSTRIAS ROCA SRL|S|2|0
7789|NTA ILUMINACION|S|2|0
7790|CABLECENTER|S|2|0
7791|COSQUIN COCINAS|S|2|0
7792|E.J.P. HERRAMIENTAS|S|2|0
7793|LCI ILUMINACION|S|2|0
7794|MARVIC|S|2|0
7795|BIANCHI EDMUNDO E|S|2|0
7796|MABE|S|2|0
7797|METABO|S|2|0
7798|NOVA ELECTRICITY|S|2|0
7799|VOSS 2000 JARDINERIA|S|2|0
7800|ARGELEC|S|2|0
7801|ADIABATIC|S|2|0
7802|SMEG|S|2|0
7803|DIBAPLAST|S|2|0
7804|ACERTUBO S.R.L.|S|2|0
7805|JAP COLOR S.R.L.|S|2|0
7806|RIDRU|S|2|0
7807|STARTEX S.A.|S|2|0
7808|DAIHATSU|S|2|0
7809|ARMERIA LAS COLONIAS|S|2|0
7810|CRIVEL|S|2|0
7811|LEGNANO|S|2|0
7812|SABELCORT SRL|S|2|0
7813|HYUNDAI|S|2|0
7814|REINER SEPARADORES|S|2|0
7815|CONDOR VENT S.R.L.|S|2|0
7816|SANIFERR|S|2|0
7817|INTEGRAL NUEVE|S|2|0
7818|KELUBE|S|2|0
7819|NAZER S.R.L.|S|2|0
7820|ELIT COMPUTACION|S|2|0
7821|PARSECS|S|2|0
7822|RAO S.R.L.|S|2|0
7823|TRABEX S.A.|S|2|0
7824|RUBI|S|2|0
7825|REVESTA PINTURAS|S|2|0
7826|SELFFIX|S|2|0
7827|ARTELUM S.A.|S|2|0
7828|LIBUS SEGURIDAD|S|2|0
7829|SOPORTES ROSARIO|S|2|0
7830|HDC INTERNATIONAL SA|S|2|0
7831|METALURGICA A.F.P.|S|2|0
7832|ALARSA (HERMAGAR SA)|S|2|0
7833|HONDA PROD. DE FUERZ|S|2|0
7834|DATANDHOME|S|2|0
7835|OSTER|S|2|0
7836|NISSEN JUAN CARLOS|S|2|0
7837|FUNDICIONES LITORAL|S|2|0
7838|CAMPAGNOLA MUEBLES|S|2|0
7839|CASA BELLINI|S|2|0
7840|TEXTIL KOPRUCH|S|2|0
7841|FORMULA 100|S|2|0
7842|EQUIMEC|S|2|0
7843|SMARTLIFE|S|2|0
7844|DOSIMW ABERTURAS|S|2|0
7845|DEN DAUW MARIO|S|2|0
7846|CONEXIONES|S|2|0
7999|ART. HOGAR VARIOS|S|2|0
8000|ISOVER|S|2|0
8001|SAN MARTIN               |S|2|0
8002|ACINDAR                  |S|2|0
8003|FGH                      |S|2|0
8004|MEGAFLEX                 |S|2|0
8005|CRESATA                  |S|2|0
8006|DURAFORT|S|2|0
8007|SICA|S|2|0
8008|AWADUCT                  |S|2|0
8009|TUBOFORTE|S|2|0
8010|WEBER|S|2|0
8011|LA OVAL                  |S|2|0
8012|MEXPOL                   |S|2|0
8013|VALENTINUZ               |S|2|0
8014|SIDERAR|S|2|0
8015|HERCULES|S|2|0
8016|LEO PLEG                 |S|2|0
8017|METAL VELTRI             |S|2|0
8018|BARBIERI                 |S|2|0
8019|COMESA|S|2|0
8020|FV               |S|2|0
8021|AGUA CLARA                  |S|2|0
8022|EXTRA PLACK|S|2|0
8023|DACAVI SA|S|2|0
8024|AGROAGUA|S|2|0
8025|ATERMIC|S|2|0
8026|NEXO                     |S|2|0
8027|FERRUM                   |S|2|0
8028|SAN LORENZO              |S|2|0
8029|FUSION-FUSION            |S|2|0
8030|GABINETTO                |S|2|0
8031|IS-FRA METALURGICA         |S|2|0
8032|LANUS ALAMBRES S.A.|S|2|0
8033|HIDRO 3|S|2|0
8034|DHINOX|S|2|0
8035|VIDRIOS                  |S|2|0
8036|IPS ROSCA|S|2|0
8037|DUKE                     |S|2|0
8038|PEIRANO                  |S|2|0
8040|CERAMICA ROSARIO|S|2|0
8041|SIKA.                    |S|2|0
8042|INALKO                   |S|2|0
8043|MIZAWAK                  |S|2|0
8044|QUIRINALE                |S|2|0
8045|CONARCO.                 |S|2|0
8046|ELECTROMALLAS|S|2|0
8047|CERAMICA SCOP            |S|2|0
8048|ROWA SA                  |S|2|0
8049|AGROPOL                  |S|2|0
8050|VENTACHAP                |S|2|0
8051|VILLA NUEVA|S|2|0
8052|M.T.H.                   |S|2|0
8053|REFRACTARIOS             |S|2|0
8054|HYDRA|S|2|0
8055|IMPORSAT                    |S|2|0
8056|MADERAS                  |S|2|0
8057|LAMINADOS                |S|2|0
8058|BAYCO|S|2|0
8059|MANCINI                  |S|2|0
8060|SUPERBLOCK|S|2|0
8061|SCHNEIDER BOTIQUINES|S|2|0
8062|ETC|S|2|0
8063|PERIMETRAL NORTE|S|2|0
8085|SMAREK TEJAS|S|2|0
8088|SHAP                |S|2|0
8095|ABERTURAS ALUMINIO|S|2|0
8098|CERRO NEGRO              |S|2|0
8099|VARIOS.                  |S|2|0
8101|DANUBIO |S|2|0
8102|IPS FUSION|S|2|0
8103|CERAMICA SALTEÑA SA |S|2|0
8104|SINTEPLAST CONSTRUCCION|N|2|0
8105|DERPLA|S|2|0
8106|DUNE|S|2|0
8107|LEO PLEG|S|2|0
8108|DURLOCK|S|2|0
8109|DI TOMASO VANITORYS|S|2|0
8110|STONE|S|2|0
8111|CERAMICA GARUHAPE|S|2|0
8112|HIDROMET|S|2|0
8113|ISOLANT|S|2|0
8114|QUEIJA|S|2|0
8145|CERAMICA FIGHIERA|S|2|0
8146|MISIONES DECO SOLUTI|S|2|0
8147|ANCAR|S|2|0
8148|DECA PIAZZA|S|2|0
8149|ACA MUEBLES|S|2|0
8150|PASEMI|S|2|0
8151|KORBSA|S|2|0
8152|HORMIGON LAR|S|2|0
8153|HE-DU|S|2|0
8154|INARCOM|S|2|0
8155|COLVINIL|S|2|0
8156|METAL-CE|S|2|0
8157|RESOL|S|2|0
8158|SUMDAF PRECINTOS|S|2|0
8159|SUPERTECH SA|S|2|0
8160|PROTEC ASOCIADOS SRL|S|2|0
8161|LABORATORIOS ALVEAR SA|S|2|0
8162|MHARKA|S|2|0
8163|LGS REPRESENTACIONES SRL|S|2|0
8164|ILVA CERAMICA|S|2|0
8165|ESE TRES|S|2|0
8166|ARTEFERRO|S|2|0
8167|PORCELUZ|S|2|0
8168|FANGO BACHAS|S|2|0
8169|CORBLOCK|S|2|0
8170|MATERIALIZAR|S|2|0
8171|ROSARIO INSUMOS|S|2|0
8172|COPLA MAXIMILIANO|S|2|0
8173|NORTHLAND|S|2|0
8180|CORRALON|S|2|0
8315|CERAMICOL                |S|2|0
8316|METALGAS|S|2|0
8317|SHAWER|S|2|0
8318|ACCECO ACCESORIOS|S|2|0
8319|ROTOPLAST|S|2|0
8320|ANTEPECHOS RAM|S|2|0
8321|CORMELA S.A.|S|2|0
8322|MOLDUMET|S|2|0
8323|ESTALGRIF|S|2|0
8324|FIRECOR SRL|S|2|0
8325|NATALI PLASTICOS|S|2|0
8326|PREMOL. DON CARLOS|S|2|0
8327|VITROBLOCK|S|2|0
8328|GRIFERIA LATINA|S|2|0
8329|ORMIFLEX|S|2|0
8330|GRIFO'S|S|2|0
8331|DAMIA HNOS. S.A.|S|2|0
8332|ETERNIT|S|2|0
8333|SORRENTO|S|2|0
8334|PREMOLDEADOS RS|S|2|0
8335|ANDEZ GRIFERIA|S|2|0
8336|ALUMAIR|S|2|0
8337|COINSA S.A.|S|2|0
8338|AGUIRRE OSCAS HUGO|S|2|0
8339|ITAR MUEBLES|S|2|0
8340|LLANOS A.INOX|S|2|0
8341|REDEFIBRA|S|2|0
8342|CHIAPERO S.R.L.|S|2|0
8343|TIGRE ARGENTINA S.A.|S|2|0
8344|REVESTUBO|S|2|0
8345|CAMPI AMOBLAMIENTOS|S|2|0
8346|DOVRO|S|2|0
8347|CERAMICA CAÑUELAS|S|2|0
8348|PREMOLDEADOS|S|2|0
8349|MADERERA STURTZ|S|2|0
8350|WOODSTONE S.A.|S|2|0
8352|PORCELAMIKA|S|2|0
8353|BIZANTINA|S|2|0
8354|N.G. METALURGICA|S|2|0
8355|JC AMOBLAMIENTOS|S|2|0
8356|CULZONI|S|2|0
8357|SIGAS|S|2|0
8358|ORSILI S.R.L.|S|2|0
8359|POLISINTETIC|S|2|0
8360|PLAST & CO. S.R.L.|S|2|0
8361|TECNOALUM|S|2|0
8362|PIEDRAS COLON|S|2|0
8363|ECOSTONE|S|2|0
8364|MOSAICOS LANIK|S|2|0
8365|INDUSTRIAS EL ALTO|S|2|0
8366|KLAUKOL S.A.|S|2|0
8367|RICKI CARPENTERS SRL|S|2|0
8368|CERAMICA ARROYO SECO |S|2|0
8369|PLASTICOS SAAVEDRA|S|2|0
8370|POLIGLASS|S|2|0
8371|FERRARI AMOBLAMIENTO|S|2|0
8372|JOHNSON ACERO S.A.|S|2|0
8373|LDO ABERTURAS|S|2|0
8374|LATER-CER|S|2|0
8375|PROTEUS PLEGADIZAS|S|2|0
8376|CEBRE S.R.L.|S|2|0
8377|STIBEN JULIAN|S|2|0
8378|ACUARELA|S|2|0
8379|CLOVERSUD S.A.|S|2|0
8380|PAMESA|S|2|0
8381|LELL LEONEL|S|2|0
8382|MOSAICOS LANIK|S|2|0
8383|GORENA AGUA|S|2|0
8384|COMERCIAL ORO|S|2|0
8385|ROCA SANITARIOS|S|2|0
8386|VTF BACHAS VIDRIO|S|2|0
8387|MARTINO ESPEJOS|S|2|0
8388|VIYILANT S.R.L.|S|2|0
8389|MARAZZI|S|2|0
8390|MAJA CERAMICOS|S|2|0
8391|TERRABRICK|S|2|0
8392|SAN GIOVANNI|S|2|0
8393|AISLAMAX|S|2|0
8394|TRUPER|S|2|0
14001|A.C.A.|S|3|0
14002|PURINA|S|3|0
14003|ALIMENTAL|S|3|0
14004|MARCELO HOFFMANN|S|3|0
14005|MOLINOS CHACABUCO|S|3|0
14006|CASA VERNAZZA|S|3|0
14007|GLEBA S.A|S|3|0
14008|F.A.V.|S|3|0
14009|AGOVET|S|3|0
14010|AGREED|S|3|0
14011|AGRO INSUMOS|S|3|0
14012|AGROFARMA|S|3|0
14013|AGROMEL|S|3|0
14014|PRIMOR|S|3|0
14015|AGROLAC|S|3|0
14016|CARABANAS BULLFLEX S|S|3|0
14017|BONAQUA|S|3|0
14018|ARGOS|S|3|0
14019|BIOGENESIS BAGO|S|3|0
14020|BAYER|S|3|0
14021|STRONG|S|3|0
14022|VILLANUEVA|S|3|0
14023|BAILO|S|3|0
14024|HOLLY|S|3|0
14025|HUAGRO|S|3|0
14026|INTERVET|S|3|0
14027|KONG|S|3|0
14028|MERIAL|S|3|0
14029|NORT|S|3|0
14030|NOVARTIS|S|3|0
14031|OVER|S|3|0
14032|PFIZER|S|3|0
14033|PHARMAVET|S|3|0
14034|SINGENTA|S|3|0
14035|SYNTEX|S|3|0
14036|FAEVE|S|3|0
14037|FACYT|S|3|0
14038|FATRO|S|3|0
14039|FORT DODGE|S|3|0
14040|PAMPERO|S|3|0
14041|PROAGRO|S|3|0
14042|RIO JANEIRO|S|3|0
14043|ROSENBUSCH|S|3|0
14044|SCOLARI |S|3|0
14045|SANIDAD GANADERA|S|3|0
14046|ZOOVET|S|3|0
14047|BIOCHEMIQ|S|3|0
14048|APROAGRO|S|3|0
14049|BIMEDA|S|3|0
14050|CENTRO DIAGNO VETERI|S|3|0
14051|CHINFIELD|S|3|0
14052|TESTONE|S|3|0
14053|BIOTAY|S|3|0
14054|BASF|S|3|0
14055|SCHERING-PLOUGH|S|3|0
14056|TIMAC AGRO|S|3|0
14057|ROLIN|S|3|0
14058|MANDINGA|S|3|0
14059|PEON|S|3|0
14060|TIMAC AGRO|S|3|0
14061|NUTRILAR|S|3|0
14062|SAN MIGUEL|S|3|0
14099|FRACAS & GUGLIELMELLI|S|2|0
99999|SIN MARCA|S|2|0
999992|QUICO|S|1|0
999993|CLUB DE OBSEQUIOS|S|1|0
999994|DM4 SA|S|1|0
999995|COTTON CLUB|S|1|0
